BMA,DFM2,LAS,LAS2,RDF,RDF2,RDG,RDG2,REAL,DFM,ARM,OLS,MAG,MAG2,RWM,ESMB
1.1081644110887956,0.7810005053609906,1.7919934769441015,1.808659455191288,2.9776913883519107,2.8650756052042676,1.4252757320111966,1.5410967586365416,2.1604017501988926,1.4312080922509858,1.4970328634235932,18.791643937910283,1.4764991940235377,1.367162652614158,0.9305506268513022,1.569499292375602
1.1879590098174142,0.8559804644373367,1.857587114627747,1.8421727202694385,2.9689155374398615,2.8586554093844905,1.537453102886997,1.5078207964461583,2.507833092952705,1.464138428702526,1.5255324030404704,-0.2763736705284838,1.5230762063580623,1.4057132553647915,0.9681247144725504,1.5849160871146484
1.236036668320453,1.0666007090960228,1.91709657537355,1.939901925264864,2.9555502708322927,2.8520402457719136,1.6165691957078658,1.4250677298750534,2.873863128075138,1.5408635611881871,1.575953146138764,2.8588613892754617,1.5831525654492558,1.465510292645223,1.031743919752921,1.6204465906167171
1.9706950367976783,1.6125541412171582,2.0447628040521932,2.0577262361716717,2.9536641886685766,2.84889880094848,1.8180611089108705,1.3852475531643198,2.3053329375680276,1.86073061288234,1.854677408643297,2.9606818231123486,1.8915647618488387,1.7846276990527865,1.3718130531256398,1.789595452715407
1.6685741464101322,1.5131445769028289,1.955365193551513,1.9128516178479813,2.9489025939761224,2.842774766990611,1.6644833360646083,1.31785439531516,2.342716562202529,1.7767740868400663,1.771122105013868,1.674700305526266,1.7872366703996343,1.68875684985165,1.2718916155321238,1.6946505512542689
1.0832327914291078,1.6086212810186475,2.039320433825223,1.9050182632681028,2.9442154188275707,2.8279076607346707,1.6692108657490017,1.328523205239642,2.6574048896249813,1.8573120121149105,1.856083545289484,2.371911395738223,1.8524856867516264,1.7815921867301232,1.376060080201445,1.7367342564780348
2.604153504552414,1.7698458420240726,2.2002073376694335,1.9858245262120464,2.944025944053994,2.825923100226266,1.8322385132471,1.328129033134056,2.633136094674549,1.9112092725415284,1.875972777078721,1.8715273392131533,1.8899334209146128,1.8072186229087304,1.4014842058312689,1.775283902241588
2.5057190675548537,1.9915181342454955,2.3455460272431785,2.0388749201912866,2.936199482879559,2.8162519196685394,1.8562846595233065,1.3352100543451406,2.4365332316059973,1.994557454782788,1.9092805561045223,1.7406484669731528,1.925150989592522,1.848169357359751,1.443232828861428,1.8194807463559344
1.7010106456796146,2.5218874235327164,2.4914549230667,2.165097999445964,2.934737928899244,2.815976972249307,2.078849515625123,1.4628720633031578,2.5224717034348254,2.3801881699651712,2.256859923290187,1.7685999530447094,2.2842327992393807,2.2412345971007404,1.8654357844563625,2.06625453900112
2.045625026313154,2.539501624850453,2.38966947979313,2.1940607763122,2.926400308692593,2.806763948767016,2.119513297652098,1.4767597224483175,2.4988674902359342,2.359785503952279,2.2140127305388564,1.740428260125528,2.2375884722843593,2.1905566073341145,1.812762716351595,2.0611546833129135
2.2569858108451246,2.6873725844074405,2.506477056055817,2.3124354997780423,2.923986125837254,2.809912093743157,2.1682780599088622,1.5205618025672003,2.545596888035329,2.4560935333722917,2.2882937119708657,2.1443754918884967,2.3185101076576267,2.2809445729683415,1.9026209936520184,2.1443461369221
2.474901743847189,3.020414318232367,2.756267664696074,2.4863451821925033,2.922797277900163,2.810234296876848,2.502846538154426,1.6654025319326842,2.4246195897548617,2.6579555998185076,2.4088001309558296,1.356206279575939,2.47119320099806,2.4296447801140912,2.0489724477060447,2.3046258612248813
3.0672844962661356,3.202735442930412,2.600558193682867,2.271698073489576,2.9206268006713056,2.8057180413161245,2.6230818619761433,1.6579620087372229,2.5855985204292775,2.8096370627342613,2.4988974004092603,1.547060423844865,2.5562911582606085,2.525449582814164,2.1584586857350447,2.30954863634258
2.366814403288934,3.502395778939616,2.765659195383339,2.5110446211049373,2.9222341639849168,2.803254974892025,3.058617893801256,1.9091851778660751,2.400388137546261,3.3369245789667694,2.786636075531457,1.7326194320688684,2.8582699578395903,2.8468798150793857,2.5091220615326613,2.6359476133673096
2.136553501745869,3.831464298488448,2.9171246517852816,2.667334583444515,2.9236940292391695,2.805653088755708,3.3051698280620863,2.2510947637363694,1.9686703624527624,3.5329504498327116,3.089881232872083,1.8219556525382967,3.1670414506608107,3.1758084696207316,2.879014410005326,2.8853152574714196
2.6627421630291837,3.338485488768276,2.854624139792618,2.499451648349324,2.9194873280649,2.8045939755713194,2.9697957779005635,2.1857534252006885,2.2533849129593886,2.960030306277229,2.6272830536575187,2.095259219576429,2.6747515243551647,2.658311436152077,2.312408504056946,2.5681296083711898
3.2678456356288743,3.32568019546282,2.8135826212616495,2.565488801070016,2.9179170137492103,2.8000229801963066,3.008744229584488,2.293447134070934,2.4521646695013333,2.9623331169038676,2.659683150325719,2.205858983559909,2.7226159636117764,2.698708461367009,2.352000584075963,2.620238050592634
3.3219572562968422,3.618473436647798,2.9097081249754586,2.742812725212372,2.9925913320576605,2.799115759458433,3.2212217016756077,2.3776637592063254,2.3092853014833548,3.2514782249550827,2.918761536299599,2.2034692158402014,3.0054066780502033,2.994251602100086,2.6693356042777165,2.8226790614183446
2.8925145615342744,3.577354966678259,2.9937856708557304,2.615025940639102,2.9155923103032633,2.79794305623021,3.177890968882903,2.3808541805692953,2.033487076006524,3.207731427321356,2.9012850134947943,2.0618583071369425,2.959532159366091,2.9636239760329537,2.647600403588554,2.776224140506137
1.8219573238730016,3.3205509361394507,2.728450512678641,2.43562762821578,2.914259311195966,2.798653538114904,2.981505277904725,2.1873683682741785,2.0458176663503247,2.9922732663498133,2.7428096528190533,1.8659901001418888,2.7789092140475025,2.778010711924436,2.453022331730729,2.5895197289147065
2.796072118283253,3.46824366985551,2.6938143397672487,2.618462012091266,2.914049649379002,2.7991372330632927,3.171423510366041,2.354339422094917,1.275058609635904,3.1190460120738144,2.8134691528820044,2.33805686298831,2.866407636030358,2.861701430130404,2.540277921689118,2.7263291497855002
1.9593710159128912,3.426973926779796,2.7522429953224252,2.523671838118223,2.912130827801766,2.79671228436896,3.093866603158119,2.2648485017932907,1.5050526768436878,3.087471944929234,2.795040784172729,2.2281831888975523,2.830293304009646,2.8364587535187953,2.518051238854674,2.6677582672533693
2.6748183404615524,3.4511574183292217,2.7964195474929037,2.552009200246737,2.911325657311009,2.7947198935631317,3.179086080980014,2.495569259018532,1.301443397351787,3.118156890444664,2.8337462824026303,2.5689539153301,2.8610438431194547,2.8682383530819227,2.5660678882722734,2.749870408028141
3.0606898300361527,3.3056599806510927,2.840382154732796,2.678564599293468,2.908632357031841,2.7958227384650054,3.1829784589296333,2.5849840127432504,1.066263194262418,2.9833820921496885,2.735307700055785,4.08875248072876,2.75426889747022,2.759613030948145,2.445821111959801,2.745559601060548
2.2612034902295943,3.349659412613621,2.964037085407918,2.7737892909686246,2.9067195080980888,3.5124317299801935,3.2594365251205044,2.714362421865783,0.6903013841610184,3.0514050844883975,2.8664461482363737,4.035427113416167,2.883472003823254,2.908071002953897,2.607639949594769,2.8515007363897946
3.0945309693354535,2.6917129684849312,2.9465746917908913,2.728549259356985,2.904804387900475,2.902103974469788,3.029447186025151,2.543585728186821,0.7237278499004907,2.7125143476090994,2.714674028151504,3.3985512347968654,2.7316119007742587,2.741000195363014,2.422160922760358,2.674830840826102
3.1959663710149617,2.316537933780472,3.0301891539949057,2.691860484707963,2.903183131611521,2.7866949609102285,2.810733812951289,2.420999907111216,1.0008646523031794,2.3668930485261397,2.3603334791379567,4.081797118436664,2.383083282519486,2.355686022654859,1.9885239643317945,2.460021729870819
2.7530845353649265,2.6370440083284827,2.974715762089122,2.715108087844685,2.8993714711146934,2.7869293900483494,2.7479388352095984,2.2524635139789884,1.2484630663009533,2.609522996938596,2.5909782736118885,3.1487007372737694,2.6052844600734137,2.609588103092394,2.273090164370471,2.5420182180935393
3.5986238153727785,2.912323268425707,3.03983717586284,2.8136035922248057,2.8995125139162035,2.7898199419852396,2.8814255501631063,2.298045822203425,1.0552503124484192,2.794848056903349,2.752230781306354,3.064784836082379,2.7839854409382947,2.793504900026724,2.472054957728679,2.6646820631594834
5.000983319996379,2.710601066767917,3.235298970193783,2.833696240757683,2.8970937179473824,2.7852415394475916,2.9201484164005045,2.4825818004620586,0.993244992585951,2.6565526616544783,2.634238589895931,4.053789272399017,2.6605654499755618,2.6581584388819364,2.328418367742863,2.6517673231925376
3.06370145340952,2.3303912160403177,3.091632862907081,2.8210058098107655,2.897162112974781,2.783380212056608,2.786883100455555,2.4825134111385694,1.2325042084073925,2.4026866064124137,2.4071608184509308,4.779870718894963,2.4446284553575053,2.41256207084114,2.0513495425023205,2.5283416614531697
3.6772791074609055,2.3437794502570655,3.2501883338953093,2.9374227406538673,2.892780150872097,2.7816549339271837,2.8453190665640853,2.515313784666486,1.4303204388670387,2.4109964261316197,2.4151986690057727,4.8425473793669305,2.4667123961622086,2.426197301905714,2.062842882781057,2.5697329051144364
3.0783657510385365,1.606662816334246,2.910332856940925,2.6258729283134516,2.8900516135412557,2.778542674430073,2.401136485744943,2.0722029589218907,1.9345695051375955,1.7790359371272333,1.782020174706553,2.417696005632282,1.8022870101784936,1.708946723492474,1.2894980626510335,2.064782999767282
2.4900249325649684,1.5786111453821392,2.7621240115121637,2.6333794162922755,2.8867846061595346,2.775448366231625,2.247667830337577,2.1249565979839793,1.7545717715173437,1.9338742971585072,1.965706959295883,3.1498941073111992,1.9884789645115024,1.920345504210635,1.5174344680906393,2.164479317682661
2.3623450063238565,1.2183455530424618,2.597850275056568,2.467236038674676,2.882963036614645,2.7762036542787563,1.9649990517225857,1.9824908394576153,1.9241412607011288,1.7570870124815057,1.7947304139989202,2.6018980914593786,1.794461007094682,1.7264593580882617,1.3112660536049898,2.000386076153179
1.7913662844648894,0.8749306326311307,2.485576881788007,2.2882735775747953,2.8795526854048,2.773773627348336,1.727494296815156,1.867806780018032,2.112385510355641,1.5638549425898205,1.5970977010917808,2.1643663786358895,1.5952463705803783,1.508478218030323,1.0733049987844303,1.8292582503186072
2.72473807784836,0.5405354540367787,2.395190380815598,2.2184849315414357,2.8732428476083594,2.7680810911951723,1.4658684756181626,1.7483317945744126,2.3087887104943805,1.2630728826266393,1.2824756548453573,1.7715849425990846,1.2880892230451984,1.1586714416313135,0.6934844890059717,1.6280913158969612
2.2934749879171625,0.5979650363373554,2.389096023700114,2.2394527255910797,2.867774857592802,3.4239013566623653,1.4730646759030233,1.726233533675412,2.5565943435056138,1.2830049626219115,1.3029980606747555,2.1668717742925563,1.3060894367819842,1.180710881042964,0.7235104620480943,1.6379223206407896
1.7760207954271348,0.997979678056586,2.1340948269215625,2.2300156209651916,2.8610645058028656,2.7597500601840625,1.509375226137268,1.629428903548146,2.5201707477249258,1.5084435929725122,1.525183415042945,1.6079683336194106,1.5290003565053392,1.4305512939937024,0.9986925405673543,1.7232678831321988
1.080465387904907,1.336369585878256,2.04036218174055,2.1674960307778575,2.8577525919284414,2.7526170907740197,1.6541390413460269,1.6756173240428731,1.9044838860345692,1.7106053398416148,1.7239183871132824,1.704420151718561,1.7314813079321387,1.6537742051127498,1.2442692817124617,1.8194092704439069
1.003727114879439,1.131316460725079,1.8880714130719964,2.1496354221547356,2.8509072877741017,2.744910032770081,1.538144414900459,1.684240198622949,1.7046051173155607,1.5465966708643644,1.5598866570576413,2.1835170332022353,1.5472541098865953,1.4687579701252793,1.0482542731869608,1.7350897371749223
2.7648726852839953,1.0687680933948889,1.6646883972523847,2.117798895651205,2.8459729044437254,2.740126070000264,1.3091666369482546,1.6331510893810843,1.6861264536577547,1.4897964428000754,1.5034926145084757,2.0924582870880943,1.491391829435952,1.4098922813337544,0.9836203503734166,1.6860597605852101
1.5314974443249334,1.4103900265797789,1.6871689398870662,2.0869265839659663,2.8418862218965564,2.7361969895673304,1.4471839490552434,1.514902644868329,1.7512442439183262,1.6877120069882392,1.696319608447744,1.4140026953189866,1.6935844098870252,1.6258320052953197,1.2212936779676302,1.7464652110675694
0.6931475206946207,1.6207283322982189,1.5825809369347554,2.081110413922695,2.839160896299177,2.735704621636268,1.5371514445109953,1.69247246790245,1.8767191652836024,1.8482051635475387,1.8559784009842883,2.19929451205977,1.8627562743492692,1.8070575370020376,1.4179013350331895,1.869441611589243
2.5406075223715368,1.9749588559993605,1.7888495794564498,2.2003187514234206,2.834362477742368,2.7317583629710045,1.6496473149570288,1.776282635805729,1.990545488251372,2.2541523418571656,2.271999574260504,3.6547347516674904,2.2898732047888783,2.276607759682154,1.9234915789471307,2.125688325836705
1.7881057185635376,2.0505368572420735,1.890472476590782,2.1468775103563984,2.8313095286949927,2.7289124391597177,1.7952709035237362,1.6767181206112003,1.7682637708311688,2.1240494747613408,2.1232097363599554,3.615383463506325,2.1462557075406976,2.1089153856619434,1.7440129628983214,2.017713710522224
2.085164345100571,2.334917465573766,2.0977842287216815,2.2102186193890656,2.8285468475906295,2.7286802711211378,2.0503894807542964,1.6792893763607577,1.7722835191496644,2.2766606476956928,2.2634661265738103,3.8203466181527994,2.325051935795689,2.27361575125681,1.9148414116685248,2.1074086925048316
1.9182735354375913,2.574987561753645,2.07461480315865,2.259402433160564,2.8272275296469025,2.7249823448945825,2.1815902915374177,1.7716168426149517,1.9174603174603175,2.4416299116425533,2.4203911315297884,3.1401801043279582,2.480333840903227,2.4472385838560933,2.1051797529205087,2.2232600797369644
3.082043312883722,2.782262352712367,1.9858322939807136,2.2962530299256843,2.8237478094224064,2.7259457145769836,2.422612381374541,1.8901777068806416,2.018352849066818,2.612199114595814,2.58568159571196,3.032997000611059,2.6523786794578537,2.6334378495338013,2.3048021472845326,2.346077861778525
2.7373255345530945,2.9377001958659754,2.051947792371858,2.1804249067456167,2.82323810788703,2.720511970035437,2.5944225211209013,1.9123943208518728,1.8415530507172264,2.817668642627422,2.793438965034379,3.108617101977129,2.8720178449174587,2.8692488992361316,2.556237924676823,2.425981708814823
2.110824330721284,2.8742344803813227,2.050167293595165,2.1524725354671737,2.8246907461173625,2.7225680264335517,2.4787262817896174,1.8536707416319524,1.770741583829949,2.781390388925855,2.766661940088291,2.555971306118774,2.8157914923945664,2.831785188265269,2.522811690857181,2.388548901528318
4.191493140510756,2.416116145941088,2.058466848901951,2.004753276601037,2.8218243663575926,2.7159369342104567,2.224481471847503,1.762141289105636,2.1221253337305734,2.271047148124711,2.262464114939139,3.236109700229868,2.3147912528870083,2.274671796219556,1.9084110100262763,2.0751014571926305
3.648279977619303,2.2042224187819115,2.43024300771253,2.193624266314941,2.820132591089469,2.7120954890392404,2.2733696886564525,1.760003438043681,2.58804634622003,2.1046417353542344,2.099119242960888,2.9065960707629066,2.1492546180058185,2.090332308565221,1.7098002721144887,2.039347170668436
2.0172114129404455,2.182457224899606,2.5795287979859483,2.359368244069822,2.8181593902445927,2.7133740940545463,2.4108338169159667,1.757632316227396,2.807540250959728,2.0890520339027803,2.084612701567104,2.391805630031911,2.143388212511287,2.075245544410354,1.6926700129787864,2.0726663239417755
2.9762518296902223,2.234160605485676,2.57945308666447,2.356692493179186,2.8112523711365087,2.71303097034863,2.4026671408538007,1.7665977348127266,2.665081940984204,2.1421048413934365,2.13811588688011,2.6219794827104783,2.192334960130194,2.133570578949983,1.758790144680043,2.1008777390663647
2.660871338161543,2.3653147235107252,2.749961723131341,2.4602652007327936,2.8090148890568853,2.708736056143266,2.524112590991007,1.6998558110392212,2.42657613525028,2.2457052356689897,2.240949831155393,2.311086360268426,2.306061905822553,2.2512819365684043,1.885122200470426,2.1616940196490995
3.387773463979325,2.470292400769516,2.8931769103008493,2.570218425526349,2.8178108990039705,2.723745804373776,2.690501124133779,1.8353725468183617,2.3368095789880305,2.339469901797202,2.333347515707197,2.076319651301136,2.410623160480958,2.3580527335920687,1.999041258229476,2.2696020974622773
4.655505274645443,2.2296106855694076,3.0903091383976022,2.780510252539385,2.8152207182129336,2.7212828776865075,2.728817921323985,1.8982365816449465,2.763699174981249,2.1534724282184956,2.1499624009753977,2.186760335037697,2.239989850454422,2.154902041536892,1.7767696502048678,2.2455454158445565
3.189501601652702,2.2439299172539657,3.095280316116158,2.804535609869015,2.812042265762756,2.718377289807415,2.7249149703032156,1.9795190745609663,3.0026450521631443,2.1543055580892925,2.1517025498363975,2.136414576362156,2.2421604082403053,2.15967988425545,1.780478012851664,2.272515698088918
4.065171947894277,2.3719201709886746,3.1664109841097003,2.9338667715750137,2.8104470667493735,2.7170126641693013,2.8349946895278797,2.052055689249783,2.839634823188275,2.2700803379284715,2.269292679056649,2.157103103277903,2.3576405732983647,2.2897735424296677,1.925261168358834,2.3813238694524794
2.627482517489974,2.4315477341610787,2.962762409581828,2.6595382320812093,2.808198594496265,2.715290338896867,2.554658283739045,1.8252105718980376,2.5370742387648804,2.3482185509867777,2.350508880522022,1.900372955625365,2.4008336790616784,2.368231706770656,2.025576839786754,2.295869058872012
2.8358608106173055,2.184484482939239,2.8938920566106496,2.61558895092835,2.806209308485067,2.7132872482665835,2.4176227244849824,1.8427291434707924,2.595282328435511,2.201040922532383,2.202887677017967,2.0259369492137935,2.2369899518197864,2.2005843453851193,1.8473827069130149,2.2155616734873735
2.5612654154559142,2.0679982259999043,3.1931007949679344,2.8670096779491336,2.8036317582290566,2.7108695402566356,2.6691334411067325,2.1068860489927568,2.7234205172588233,2.146068999144376,2.1420817717187592,3.0521354037491295,2.2065624252666347,2.139160851736681,1.7751160207192045,2.3155116244512564
2.5362663958589136,2.4576055309692695,3.441528267871196,3.0777035165319377,2.802548471563774,2.7101145649931846,2.897568818551594,2.265139495412904,2.84101747023775,2.422255317559168,2.430337764346989,2.9735360687708647,2.5038641883662587,2.460434715184244,2.126909899486765,2.5488590234627497
4.239405469794279,2.9170940230200255,3.506374427738369,3.171005448111451,2.8021899415744,2.7101740636734064,3.070680224142286,2.48772168386048,2.585377854315296,2.7922450236803447,2.8144123449302274,3.2925099803043185,2.9138229639967843,2.896450003359876,2.594517393095508,2.8163461251456257
3.746747627528997,3.1173225908591196,3.439038134273052,3.0467706622489006,2.8025830885664016,2.710924616488733,3.1254121094646123,2.582562058896338,2.3151089561388893,2.972925335965241,2.9965086756808885,3.359992795420234,3.0896307854419325,3.095227841713026,2.816147203487364,2.899691683197842
3.8821536983423353,3.000299662864933,3.462556654392329,3.004297955279635,2.801802122782701,2.7101700835613207,3.0089530194970133,2.41640268564644,2.6125965670013462,2.860908439687269,2.8809740548827145,3.019861790970926,2.9703831311002795,2.965208275356018,2.6754197362356225,2.790645783874014
3.776399759339919,2.7931575619381093,3.2839859693913285,2.98419830219901,2.8007841341909865,2.709537597609178,2.829453709250584,2.304988067832443,2.9530186412777493,2.668018946776836,2.685815132919471,2.782033892660938,2.760840772755266,2.7446110298394024,2.4379435472473383,2.66075511243194
3.2411036915166167,2.714405696926032,3.2338398441577225,3.0442664669226973,2.7970721185214877,2.7088267141439797,2.8245115817431516,2.3173215624125536,3.7465448530799472,2.592466946772691,2.612202503599742,2.8628960941417807,2.6770795497647732,2.658793952195921,2.348814889420783,2.641564369926921
3.807084148353169,3.0741394775127504,3.207564413117767,2.991859372057033,2.7957657201295785,2.708983992182734,2.9803211122101994,2.3721715337830216,3.498838880902344,2.9354401941892427,2.963923344934892,2.565224863636306,3.025357280646326,3.0431370247953033,2.7775741243754415,2.8158486112410475
3.348702982162073,3.25826440557592,3.149644002267478,2.9795093347595527,2.7977248290977106,2.7097898160592155,3.132287777424439,2.4666393189807527,2.9173187559239144,3.134592594734855,3.1618487113251033,2.2295393254851317,3.211956508142486,3.250077826662894,3.018828325245419,2.9356474899500657
3.7493333351006046,3.1512321487925328,3.0664688328038268,2.922056439308531,2.7976786657764774,2.7045626392882656,3.0582789942301467,2.431614028724469,2.8713667353210015,3.009414348397241,3.029630960405755,2.470971375798065,3.0750701739345705,3.105133267730597,2.857533988756621,2.8481789442089993
2.9357599164107597,2.904935445533229,3.1557353679682625,3.071530378485858,2.7975829252927285,2.704667615376811,3.0582915789229204,2.6019446127524177,3.254672331432862,2.7708560287852326,2.782242537793058,3.1284273868993187,2.8400761443666043,2.8378099581036604,2.5559201382162695,2.8066433894541416
3.2953715079286763,2.961335052144075,3.178710506919945,3.1452306973484703,2.796732520058236,2.703895009672274,3.1395764823214543,2.626104732974992,2.9982440737489124,2.8171464764752936,2.8308910631128263,3.3687336813895885,2.891946882319224,2.890739365678866,2.6155148002987243,2.854843242477896
3.1775814323172384,3.064875273838245,3.210795728419318,3.134085976057894,2.796429346783989,2.703805696375116,3.1837226995631713,2.5855101502824915,2.8613007703081283,2.921032372682554,2.937227342208253,3.040886400312521,2.998776590630305,3.0061625202344646,2.7454090088236667,2.8944639603077977
3.385309171449132,3.154971596709287,3.0891373844258676,3.0688108905028,2.7961260584926104,2.7041021825291383,3.151421154827428,2.5169523650211345,2.992744531122127,3.017007542456557,3.034401285700399,2.6386366513271495,3.0926668924688014,3.112378852957974,2.864315931060004,2.909293020920223
2.5293522199726852,2.941291323633586,2.6727178854743134,2.7556090552508357,2.7981505020097783,2.708893005607627,2.9176139231826363,2.2187716969877256,3.1295646297063273,2.810768113884765,2.824650612453652,2.7101020084072154,2.8395698204838866,2.8598778292732248,2.6086275966521337,2.6524498696442445
2.241869221725527,2.7007177521628014,2.5518001437874327,2.722206793507978,2.7981396505934515,2.708611343673221,2.7567250966678185,2.100496309898461,3.3118354540700556,2.5854109405239405,2.6018870043243965,2.891369175830111,2.6107937189174373,2.614392226863546,2.3373930036495887,2.502500262063694
2.077995508080142,2.947698978412117,2.4589018334558572,2.7369683012200157,2.7974237371490305,2.7080085038021324,2.927541484778731,2.2078100581431364,3.2392792440958607,2.820463317848812,2.8447977878453323,3.132025957825708,2.8596403208649694,2.882220237463242,2.63474085858402,2.652509866264324
3.3736985977675475,3.2217491484414156,2.5348173194477805,2.7772203392579287,2.7977823861550712,2.908021814019259,3.080634437987692,2.2982716400120236,3.137322688331179,3.0964032416942984,3.1240664598422487,3.629969953500275,3.15033446850498,3.1906842867388243,2.976103787738119,2.823990420201625
3.125944605294833,3.7714301314516487,2.5239263412479342,2.7472718663999913,3.4086001954988707,3.0126545814068013,3.3699707387453732,2.4496851699675246,1.898178861092692,3.74244963384488,3.775751898697403,3.1546546033890066,3.805295983373269,3.899614635274498,3.7722122157928895,3.1787896422274495
3.406737383807652,3.65828881047917,2.5584674638255627,2.8167386288661223,3.1118507961449584,3.015124355011342,3.2175586958740414,2.242691183047965,1.4797957134004447,3.553198381474391,3.5741126241186394,2.887019092123841,3.573070116985855,3.663826153673733,3.525824965442811,3.0466852043767796
1.1722942610105913,3.2018797870217415,2.5774380606448952,2.6633262474470243,2.805355609271211,3.015422392423348,2.849886781383805,1.963911640883904,1.738040929096929,3.0853059458325194,3.0979220787903805,3.0604903280947315,3.066663485452991,3.1358874550987026,2.9440964687004114,2.702616478238457
2.846362151607226,3.1680323579926535,2.7831784595133993,2.685823201236035,2.805792397684998,3.0108037214268126,2.945324517342318,2.2076268606626344,2.1338329764453823,3.046065184744142,3.059991598234463,3.9069594123604734,3.047820752872452,3.1056872399576276,2.8981536225407507,2.7498767112193185
3.6071497795883105,3.491348441777825,2.8983962225013884,2.810177986224306,2.8070302202651107,3.0121521163980356,3.144417109389216,2.3294709311272617,2.0018974320708427,3.3565891342222423,3.374516537827552,3.573362502529202,3.374974407212626,3.454240816807116,3.282736134004641,2.9676886473503408
1.5246036379626655,3.2775642521669033,2.781779738536987,2.704163180598382,2.8071243634919125,3.0127530295464915,2.9815693523350095,2.114913248576725,2.294037420619688,3.151129412130875,3.1651179920692782,2.782726866754073,3.1561982370416786,3.2213174843530528,3.0269995699419865,2.783830958343815
3.0162228467603764,3.1509819706522473,2.5440536976677643,2.639039561549015,2.8049849125590014,3.0130247185380212,2.758284243280669,1.952970944254146,2.4817300839299117,3.041611709036146,3.052949423657243,2.267381929384255,3.028293761223494,3.092296746271108,2.8902572329042524,2.671642909624137
2.341489775919912,3.2607680030738364,2.4642014215798813,2.6792614975013063,2.8055672639365024,3.013722924309013,2.853577057556874,1.98671246763058,2.25534439288968,3.1454196482575045,3.1603682786650102,2.8357100037681326,3.1452516342892545,3.2084568968740266,3.0219266749651044,2.7429404730136002
2.745458529411755,3.3733371901443205,2.767469696956134,2.8865688906508247,2.805939568501434,3.014190122214692,3.0603460613113067,2.226653395261763,2.31373336574745,3.253446359180964,3.2728911729740657,2.91792116664339,3.282754854245723,3.341682459367538,3.1596917361759984,2.909889954516905
2.410457703553766,3.533133192844333,2.959082388156042,2.9135255985525728,2.807211398523449,3.015924246174931,3.163491371241621,2.3323977178974196,2.2829846465328263,3.4084209238448024,3.4233693813368107,2.890826625105676,3.4370083383037655,3.506901229963658,3.343732889095517,3.0194284054079015
3.033665632540139,3.4821643708362577,3.018707821424547,2.843708659668902,2.808233962901503,3.0173942693883333,3.1278444826051537,2.3374571644544684,2.0742484264503425,3.3544999429553948,3.364824028945497,3.2190919397190356,3.3801417266453275,3.4443846815647388,3.27226403788196,2.9751224490060655
2.0169321053991727,3.39736472154471,3.1388582870405854,2.8622160882853773,2.8068307394627783,2.7160555627646157,3.1862259946010405,2.4733676800887343,1.841474017199651,3.2734600204115343,3.2814972964463807,3.22028880479445,3.290607006755946,3.349144857528992,3.1705836121414888,2.9726352713080066
2.798214674286178,2.219893650718366,3.0961609831953862,2.6373367788730944,2.805794632703754,2.7138411003467113,2.6614041920536273,2.20459621038759,2.4876092069892497,2.2686051632971425,2.2651959468235168,2.949576737389956,2.250490423342009,2.2361506740719377,1.9280124134716767,2.343933524845336
1.9869051969862936,1.8106673217673537,2.879544760213649,2.549757869137021,2.802723129886075,2.708826223090839,2.509347336973665,2.1853069213823453,3.0575179776582084,1.9319981119437637,1.9190755977602736,3.81330076773512,1.916292691340322,1.8604370935352577,1.505904035379646,2.146534625055851
2.65453432226358,2.093146882534871,2.771841169130763,2.597468741541718,2.8009002581903406,2.7075644742195646,2.639134417853617,2.226069982634962,3.5461664772009627,2.126268105642649,2.127109532846494,3.883534313221489,2.142210108589507,2.09435793149648,1.7619616174122352,2.269229090666456
2.76152058684504,2.461789587027041,2.7562061623726604,2.733237733170359,2.7998458385366196,2.7067846529550867,2.7498280552219017,2.274052126922053,3.4017171071252683,2.4370335381103008,2.4487826891039663,3.8815802725284554,2.4712873495907126,2.4516777055793115,2.156374218298386,2.4732765218266697
2.9495161576986537,2.3146803493959123,2.9732324523729368,2.659284063191933,2.79807374132135,2.7052940091523783,2.715560029855042,2.318864933148477,3.349392302145504,2.341970394832513,2.338058308752158,3.75436461583913,2.3652656922780104,2.3340456927286253,2.022132496453295,2.4145444249812704
3.513566110166982,2.577223845974858,3.295132247893905,2.8812165257906956,2.7966645828626513,2.69990209929513,2.9581357171418254,2.5585433210070816,3.2342065517420915,2.5765881182310575,2.5752980247432404,4.323758386998359,2.6199896163908414,2.6000175239762875,2.3129648284723356,2.647911497443019
3.503606989200951,2.7562181505083196,3.322880783184822,2.932340631046704,2.7959643174537474,2.703570177379203,3.0552152683089995,2.671078086156114,3.1928586257006453,2.7174586707839787,2.727737266451284,4.585952823005609,2.7791465317919775,2.772920295522085,2.49993947719836,2.76215366360952
3.509729160351576,2.5498347369931973,3.4699257259554965,3.0196545248870836,2.7952002687919215,2.6986593409055173,3.0097814381514274,2.6705590843032634,3.239508116899925,2.5361573107903417,2.5405434692703524,4.591603895769828,2.5909454195274195,2.5669142518014127,2.2721947762093855,2.6917285973127605
3.613515829821214,2.5978613771073245,3.42421229937693,2.972622118357915,2.7943942643189024,2.702186689836957,2.970269018161761,2.621244275644002,3.401929791937852,2.5818500039658425,2.586430538880524,4.1987626410315855,2.638501008590153,2.6186877410008487,2.329088808946368,2.690536734212071
2.9151760094977295,2.5706729616504496,3.512316361372938,2.9787653440457857,2.793409874106582,2.70135157784794,3.0068730613108263,2.6242828144321826,3.9063063806097142,2.549449845913077,2.559047671876481,4.244227531661956,2.6150333249285005,2.589975811615871,2.2964687523648335,2.6778864190668816
3.5345709444125246,2.381824164722614,3.606647541669059,3.1778242544088644,2.793900894495415,2.7000857305447834,2.9655885197644283,2.6307634702113463,4.196992001317668,2.3797846145086012,2.3855183897617724,4.036871269536801,2.445546074550937,2.400029361632603,2.085624276605288,2.643472682222646
3.446825120345184,2.166691616308399,3.5589896218852783,3.1488910838023823,2.791403204195311,2.6978928036055305,2.807604912951971,2.4901837821899635,4.021599382874785,2.1956530132382683,2.191845846207402,3.5984654049487124,2.248633899974054,2.1869666919006776,1.8505155378522995,2.506643431359504
3.729416088547608,2.7432584777384963,3.6945787057338313,3.2714219565465226,2.790175993901559,2.6965093050241182,3.05890380671791,2.679047702451095,3.724347086607715,2.692450750014178,2.7219432170342888,3.808636112046999,2.801023160388108,2.776523431844227,2.497685288827716,2.841215906511521
4.485756999230787,3.218258708854502,3.891825038329452,3.562894543838784,2.7870082247154677,2.6972176977364177,3.3122273934801902,3.003137941011799,2.8615796409999783,3.12162843734719,3.191452515079078,3.4813070848603735,3.2785542051628753,3.297627519548568,3.0703834655152145,3.2197783593192124
3.894995504656495,3.5648279499621833,3.9135668442943983,3.6872427033180335,3.091427371922989,2.69919655951953,3.5050283688346417,3.199032713852143,1.1913838146645928,3.475529768967514,3.5941580304437597,3.5429446028194143,3.689986551288204,3.7390959815201494,3.562220704063736,3.4889908041453626
4.07362047941291,3.4673481414590706,3.80962832079991,3.50608139571738,3.288019592443777,2.701144642317438,3.3656943950534957,2.946268613051122,0.3740951763012257,3.374209134325056,3.477866090951274,2.294996892608084,3.5601686830587385,3.6005477265000265,3.419990890555093,3.3261063085112084
4.40586772883928,3.378320210092654,3.681509988457659,3.38630111153128,3.484305131104356,2.7027946217928855,3.4314999914167803,2.9044236472022487,0.17594596234351556,3.304283131556987,3.4370720050782055,2.612387643134342,3.5187950254960665,3.548637883755569,3.370018689268506,3.2580199738421802
3.6069621422646128,3.290886041575975,3.538606516466478,3.254679772247091,3.094733560417698,2.704073281363528,3.3236209703506945,2.7249752930012137,0.17556250630612613,3.214966901109268,3.3442656850930796,2.185287675720311,3.4182961319373995,3.4448569239622344,3.2564575726884137,3.134721912862663
3.447311309913655,3.219920663554682,3.6169107781633354,3.283308393020913,2.7932422917930246,2.7042122853316037,3.385095736233017,2.6712392780706815,-0.224309970226122,3.16657618487604,3.311398125388904,2.745840141364031,3.377956134589849,3.4004040097879744,3.216324598182813,3.108130495339134
4.91954796858393,3.2537450651753463,3.6305560978081903,3.2539279826633374,4.1175154580736475,2.705616456114387,3.397644965647371,2.6931968743929366,-0.3150902121339727,3.2055071081549453,3.350839899541324,2.337601756973937,3.4093859550553556,3.440009902980784,3.264665458662952,3.1258679661881357
3.1151371792855147,3.3299997317663257,3.752239495251586,3.436995827698179,3.5957178533924923,2.7068041417870123,3.611226599599825,3.014421352018652,-0.6164390404731601,3.3149938257942004,3.484922697184438,2.635724285856928,3.551429852442463,3.5882302143034366,3.4289553921972367,3.312833425673867
4.65917684678122,3.6181844408673935,3.813170867100869,3.55869817607511,4.42194673773987,2.7080926269317924,3.864918094800892,3.3208785107477317,-0.7133927331177015,3.689861689937894,3.898674256781757,3.0334687535215386,3.982670312719669,4.042513598425944,3.936132500402112,3.617028158385623
4.638648185013946,3.852535735502917,4.022192359929794,3.713722828877349,4.753207679123022,2.7121890552556582,4.051267120054575,3.5123448819106953,-1.1835839475192178,3.930957272473671,4.138424728360768,2.89374661147561,4.221172321729162,4.294528779582699,4.230483475672368,3.823862427905621
4.043745384688871,3.835632425202124,4.0208814249478575,3.6269693518494774,4.754058177127235,2.714923020988672,3.9506493454199374,3.3165432819849774,-0.837494438127262,3.827747089569919,3.998406335319782,2.720679304422324,4.062350881815504,4.122354161164688,4.058843713682843,3.692416514681039
4.092612943571336,3.686735765102456,4.035502449101778,3.63305278646034,5.10772143033596,2.81214121668036,3.8300028799626182,3.041778020134185,-0.7724524872575134,3.623400009544064,3.7582454762731863,2.7435563476604585,3.8166119910671874,3.8512378804178464,3.7636847743945,3.5141190731029437
3.4368868991933197,3.0658079218626932,3.917000523477259,3.362250679843524,4.80595899871529,2.717395425107313,3.3308536580271664,2.412977597961675,0.07945651742085058,2.9855425327698804,3.055891152779952,2.104938698505781,3.0796545670692974,3.069379792721139,2.9005074402424333,2.954165490838758
3.5136344445319168,1.5947957914522195,3.7653619666519114,3.1358534317585818,4.348232716607171,2.7144390850383626,2.5392893700968115,2.067177019334372,1.4586367974283032,1.7440746966284364,1.6929638635278978,1.4256339235845206,1.6683853410338416,1.5727207017632991,1.2261486391909109,2.160017252812322
2.30581902615531,0.8083374752403034,3.631143941374476,3.0088817668278525,4.463183416443318,2.7099167885086173,2.0996612353427655,1.9451334554858624,2.0655105194582246,1.1371891768838602,1.0218835951927805,1.501437727825509,0.9745570236507928,0.8408828991061843,0.40354335715506057,1.7782719985975888
1.710656356291726,0.6350311723970758,3.4458828016056797,3.0469008834354763,3.929357227364379,2.701544837446178,1.8905337286546389,1.949439025920673,2.186377033956477,1.0035989801002532,0.8538880670948958,1.032703070814775,0.7935572206985287,0.662108963967663,0.19984319948737503,1.7134567391378246
3.7488315530454783,0.6557054014057594,3.1413490740740424,2.860461718302857,2.790186403723579,2.695102453258653,1.8169692653856904,1.9715756164535048,1.9781636517465009,1.0175387307121266,0.8466768442831637,0.7403002344526156,0.7758869326402064,0.6489781484489489,0.19412662704413813,1.674063227437913
2.0111195589321103,0.27364896661597116,2.847141035741925,2.779000041565978,2.7834448624552,2.6883706852002045,1.5404849656772814,2.2200931486904425,2.1876543707721297,0.7622364295229265,0.5130018810773243,0.8710172788469037,0.44263756611007454,0.2940884515038453,-0.21167975746162424,1.5685828752141677
2.5877104193283325,0.21475039022951495,2.707496417860908,2.7554465545297298,2.7733225557905468,2.670790847224392,1.4366897025362275,2.382101597498276,2.022347493456822,0.7199002824918788,0.4308956594065178,1.8188045806994324,0.36661480956288695,0.21230981246630337,-0.3086103934070584,1.5720860234816005
1.2475718952262445,-0.05715943441338692,2.1813119475556366,2.5345452578262577,2.766404222437271,2.662932213543126,1.0357966968793182,2.4319020641612874,1.9281420270623295,0.532578415876089,0.1767588077636265,0.8349076169626573,0.09032565858062906,-0.055670920748727794,-0.6168866720924385,1.418946136406815
1.33254004374153,-0.1436403214549282,1.8060197337773929,2.413964243287851,2.7567330028003374,2.6556005202200748,0.8938280943636772,2.3965667243748854,1.379076019067238,0.48870437490137775,0.09101763547346708,-0.11558956856455233,-0.0032869602842019326,-0.14215215311549534,-0.7217772229536604,1.3475632445093955
-0.15661019106860227,-0.5910206893179772,1.191758538095913,2.4639060115667086,2.7459631013396417,2.644068813677758,0.5275848619467433,2.5806524019624195,1.5486902619476162,0.16016274739697878,-0.2978211436077999,-0.5633479242435051,-0.3923418165971406,-0.5437451657285368,-1.201183173991542,1.2267250043295765
0.6179677601704516,-0.2128307602595922,1.0117673191868792,2.406067716547573,2.7411635625968187,2.635090980561689,0.6183126143793639,2.4764480909473807,1.4209077855775298,0.3930034376445639,-0.02206702512802794,-0.1950618413095201,-0.10371301136424824,-0.2367420620365281,-0.8633838950696714,1.3133630550028728
0.2870708744183704,-0.11468397003340848,0.7847354762957647,2.3877829875976047,2.7107725850572137,2.622939969550316,0.7332164980455651,2.464158964710577,1.3468851414577987,0.41486148669278566,0.02344180991256517,0.14886261090737862,-0.054565898049307136,-0.18673446263037224,-0.805984525596372,1.3225613122283832
0.15562332918978522,0.6692725915888842,0.9131781830322896,2.292278873789784,2.7060102244728963,2.6180601792760245,1.143528069560661,2.3249676070364114,1.2712873645349676,0.984076453464171,0.709699013919313,1.3302534944023707,0.6511384684046885,0.557454530053319,0.04123405060888567,1.57775548705242
0.2564129260652405,1.7240423347591656,1.0717838933055652,1.9446146115326983,2.7032588548518803,2.615567269049188,1.7257278657504322,2.2260281864860754,1.2020159014624276,1.7335212012753909,1.833042689055279,1.5415829689905554,1.7789978687397754,1.7713136771266302,1.4209347317229408,1.934301672087361
1.0283169697693249,1.9926483320312012,1.226438115391201,1.741040015291476,2.705270429612035,2.614652647305818,2.053518995628711,2.388968953504572,1.3883940941297412,1.9419320205155723,2.3311803734014376,1.1277928366693433,2.28595371945247,2.3120441920695023,2.0307491296182745,2.1007803406782646
0.782229239244844,2.004421492474869,1.050971829376076,1.7617217297004717,2.703466733858092,2.6134066426554003,1.9127759620008715,2.120440636083274,1.4333129185846838,1.9559453081009024,2.433926410715081,0.4803991060601053,2.376544507314691,2.4209193911811884,2.1550879572938664,2.0680085211499324
2.3401636197531905,1.9223997998717952,1.2359732662153182,1.741343628240423,2.702018045398654,2.6117622670774745,1.805444902318332,2.1586271154621155,1.6968236409607984,1.8681254960467013,2.2686385281542427,1.1692173371244894,2.22437381693519,2.2561354724631792,1.9499828635959289,2.0091836919758705
1.4473538610974552,1.982047076676674,1.5805101393550312,1.7506962785244056,2.7011563709596493,2.611095002161558,1.9670908296233791,2.203342129344716,1.9662006846679736,1.929507319711772,2.444199663341626,0.8355568112980144,2.405903714100386,2.455154368536111,2.1636024237876303,2.08193634773063
0.6937046100128839,1.8297125212312304,1.5555993072426262,1.7537802843243768,2.700129170116919,2.6101805966589633,1.9075007692856925,1.9777310717790435,2.4262696227885794,1.786644518697797,2.3159015064244457,-0.11438467316101247,2.276897642941098,2.316880476893503,2.002284549263835,1.9585143453064155
2.399599196528447,1.8078828708041463,1.851018934815184,1.829891569150593,2.6985453094276153,2.608773804642061,1.990375504593214,2.031295132742288,2.714218084267017,1.77390805135512,2.2462006109456647,0.7283961980795437,2.225351259106282,2.2468234376797045,1.912403946295529,1.9703238410484163
2.316565426611888,1.572650940901745,1.8276125550803692,1.8575519211064095,2.6930755061029616,2.605527052785864,1.717912647152546,1.852999488353916,2.693031829428172,1.5584446062179138,1.809176982088454,0.8798249694569114,1.7910907150335431,1.7754364631580517,1.3668871080528813,1.7695432494416734
2.0761922260208165,1.7139648333037152,2.003564697126327,1.7729434034238123,2.6862046734372917,2.5981040648119693,1.888445947874036,1.9881339803754103,2.767576721243681,1.7020154981747346,1.9534934929801504,1.3994249716352618,1.9347458757261715,1.932412991941365,1.5411138939928917,1.8541465937385269
2.589730336115835,1.6720293514119733,2.110456533338029,1.8685211038483271,2.684015729145778,2.5959747826823945,1.886623325649545,2.040071049536356,2.8560754279197464,1.6659722384608149,1.8569400376534724,2.0212800659174843,1.8548235647771356,1.8343747196805975,1.4171333951255898,1.8578761073747425
2.5881602548769655,1.6000658686858211,2.229934499856328,1.966442535955809,2.6804451969046705,2.5929418156862143,1.785786902876926,1.9819096511263183,2.927107173377075,1.5952633231142497,1.8030692490228517,1.7910866692572225,1.8043065277081016,1.777379224609433,1.3466670525455022,1.8366711898048074
1.906259696770669,1.4887351622782066,1.9167457464563011,1.8571207863527583,2.678112551907496,2.5904985925022954,1.5538740951659586,1.7586054703791456,2.749767259542346,1.4831861005260962,1.7445214583885738,0.8324837229086451,1.7350472290971035,1.7117377053834812,1.2730626684922806,1.7108584539116434
1.059500374933298,1.4780564689340618,1.83541428583726,1.786590600502235,2.675107685980275,2.5877399722859993,1.4983077674201046,1.6827048023273172,2.7276907573548836,1.4744146710591592,1.687102937562002,0.9111066499959762,1.6770264688053511,1.650131457424866,1.2033598261210374,1.6577032528626785
0.6307834732056325,1.5347849584342692,1.8423987333918668,1.7638758629200593,2.672827756789642,2.585001144541231,1.6396589063161344,1.6760996263558616,2.501586062173633,1.5280828409281575,1.8334718528185308,0.8861777211638998,1.813856889292615,1.804937745906111,1.3886072515383725,1.7003825457556523
2.0159903932585608,1.558333952465122,2.1414167493605545,1.936567408379295,2.670565579536227,2.582958106994342,1.933069020316291,1.8950493842589484,2.5709694697375385,1.5509550117718864,1.8668088297835992,2.1008312894318175,1.8651582304703336,1.8448636264049647,1.432272702827291,1.8123451585484323
2.8128653086411965,1.652799858892931,2.3397235298360046,2.110507278410198,2.6695434820755124,2.5811701357635015,2.150315580231024,2.0283087941925446,2.519278208340636,1.6431197768654455,2.076050642551309,2.40185468160813,2.072399530996695,2.0709462394144142,1.69531781092595,1.9644966230048744
2.31381963626417,1.7566130160429103,2.3923688527484903,2.21060828957654,2.667660535505515,2.580240218168866,2.1993362723931953,1.9590475618924532,2.3685127133403094,1.747420000703578,2.2904150499653024,1.679706683667932,2.2737931750831875,2.2975167677177866,1.9643300986529109,2.0518727255344684
2.1338605270602513,2.071006874054929,2.5521628246171435,2.352169908295884,2.66694733725115,2.5848266248203395,2.437701526972296,2.201873347225742,2.0566815659679216,2.062118717301183,2.658752361278512,2.2679859005631373,2.6383301651727837,2.691446571239262,2.4250708790174684,2.3187285835253304
2.218983233710214,2.2620360316527495,2.5978658148182214,2.3886940715840246,2.6664865162402394,2.5851275553163244,2.6191327132994027,2.322151692211299,1.6554002150867886,2.2549606596775704,2.890080330581228,1.723304682275176,2.867114645599909,2.9364348735263586,2.714320621158676,2.46397168851353
2.608112175732441,2.249283480156981,2.8768649755395455,2.6191947967987512,2.6669393512405786,2.58495931946935,2.8063614441186693,2.6316907683727644,1.5982107718446104,2.2413905850645746,2.8750229697172687,2.587141948402004,2.872866332238907,2.9264534830678968,2.695302441028526,2.5918247799883396
3.071896730470143,2.3403683973636995,3.120591047422888,2.79981376592428,2.6666281206553344,2.5851497680954902,2.87670475141274,2.722526241761846,1.4370569074535269,2.3312621724677105,2.936301165943582,2.6053623211778096,2.9493737377737816,2.9970647613011145,2.771851642313056,2.6974758365243545
2.89713160263794,2.462694434139604,3.088584714818354,2.734272305783392,2.6655933584497338,2.585470499884535,2.901592995515104,2.679086668285758,1.5484906994972292,2.4522207490386783,3.009060647941036,1.9694571702707129,3.0106974843374577,3.065895145450392,2.862703790964899,2.718660092762216
2.344280477009331,2.5679892217696807,2.9485023949001112,2.5796418969257826,2.666461618009541,2.5865053238552327,2.829178113063773,2.4738073365271855,1.7072728487312228,2.5563665088168164,3.068047738210585,1.4275827938112993,3.0512062739957524,3.1194138817304933,2.936319434072267,2.6694658701200926
2.293357120047786,2.557573463724866,2.936698880893215,2.5132722128207288,2.6679940345765596,2.586595343854857,2.826631589076939,2.4385776233800485,1.9408493958092965,2.5426394161400427,2.928708888848128,2.0752860192923106,2.9139574639146417,2.9652135706880443,2.761388155703624,2.605799535297237
3.006014332914615,2.5899838771246424,3.0107852483497326,2.5670091575045677,2.668268496084234,2.586922423960361,2.840530386869002,2.4794019768405544,1.684777950266203,2.574407105431645,2.9133387882493342,2.2280695990770027,2.9030411143828574,2.947733574699554,2.74178964690361,2.6335392570065252
2.987232800150445,2.5407316982974217,3.0083192082785764,2.5774969298409656,2.6675414530513724,2.586360602415738,2.7314981051151355,2.331334396875818,1.656858824201568,2.5262416442432336,2.7347015989299654,2.082771347684699,2.729355905639385,2.756058513817102,2.517480855445391,2.5424436424724957
2.113389408627468,2.665543102316444,2.9422311070698366,2.4411261282567516,2.667445608538068,2.5864253392769636,2.672511294178666,2.1906435533229516,1.548540232613349,2.651944241848105,2.7914421476902387,1.7923130672250351,2.7803037507151847,2.811150626847806,2.5886942169373244,2.5187890177795116
2.362863406081394,2.643826553918109,2.8548453509421057,2.318907630485309,2.6665164221788156,2.5856859971080355,2.572488286754796,2.025693000156811,1.7099280030314468,2.6311683814764524,2.7512099535983694,1.4958207166399249,2.7382590420380035,2.7655620794561493,2.5383135904267085,2.4317447414292355
2.2630944076785675,2.577041506167451,2.7057020846935433,2.2877690686896957,2.666055857547681,2.5852981656696357,2.536286554112261,2.062664716714801,1.3496654190767732,2.56743802156973,2.631383323490839,2.0528148140019975,2.6180150013658245,2.6361005760728804,2.388171309485872,2.3873137826162667
2.222588330795485,2.3949924855271276,2.5892307720079253,2.260039647153524,2.66504395828523,2.5844504473438,2.374340410169886,1.982305876233968,1.1279650378033468,2.3924444088527497,2.3820187818059586,1.7971231588730472,2.3715742524022883,2.3717991845861945,2.075708268196331,2.2542021785115502
2.8183194377315255,2.116815532175524,2.530041764884477,2.2556048520613157,2.6624555224303963,2.582331482802959,2.137168599500831,1.9250911019936616,1.2440019647107723,2.122534037146299,2.0601535904267516,1.7586255840025125,2.046514319070048,2.031564520793219,1.6726800055300948,2.090845895407007
2.260316744142175,2.1211321274999007,2.4936796985455896,2.240917361762296,2.65948177611776,2.578884526034812,2.1117512324900267,1.875654059893917,1.4379653074335863,2.1322548760082474,2.0119820459181534,1.685837926491731,1.9946391308471567,1.980336719885064,1.613691046352598,2.0652020858956535
2.5260687517797,1.9940339870252304,2.24366814340814,2.1281625557014485,2.657207812040644,2.576830201068775,1.8993243852228363,1.752783183686595,1.5111446921042715,2.007439853184757,1.8805702341217776,1.5943457551290936,1.8524246856703397,1.8387650715490589,1.4503627068592555,1.9422389566736444
3.1135834895286116,1.9970015887869337,2.2632208826766576,2.1413305138448075,2.655378399711582,2.5696842491951606,1.9044910412798728,1.772969810705833,1.3130894783410785,2.001408883328668,1.9664528185342032,2.0501350055884555,1.9353849799162013,1.934306021443447,1.5596660303096868,1.970540506603378
2.2819883214958003,2.0550393112751744,2.4106997266373313,2.2291686172563776,2.65381138548688,2.573266670926267,2.0429320587214934,1.9044758791656755,1.1128208977631004,2.053129024184567,2.0903923965949627,2.807129948361616,2.0706278249562087,2.0716791022252803,1.7164658773609778,2.0692914793003956
2.5271464323380526,2.209842024660674,2.513014510400433,2.313215588158349,2.652450264051589,2.5717346020375307,2.2022259595368037,2.0194839796909436,0.9617723555938262,2.204171061615828,2.2746736446566715,2.6786728622403566,2.2604289657449854,2.270157369524758,1.9487271336153171,2.202886068530448
2.0002384140616396,2.0477332522878715,2.4148224201604385,2.251153630261588,2.6504320266874117,2.5649968191472343,2.163234420577203,2.0003595794820206,1.2269593885808394,2.0469303026078025,2.06806908552176,2.3199861868434657,2.058641244566342,2.0495579567661584,1.6909690258813814,2.091628149468293
2.036472996337586,2.0101140172025316,2.3431709166106893,2.234782190140592,2.6485518358390543,2.568035241500346,2.1297100900597448,2.023505852246537,1.4209707937578475,2.0089791156236925,2.043554391017558,2.346537771930433,2.0393714864410843,2.027297283743187,1.6616862486731772,2.0777053872570947
2.924327811403596,1.9286461793869472,2.3532318857900743,2.240078011569176,2.6451639816503656,2.5657157358654903,2.1413373501088286,2.077047555708996,1.4781779423314267,1.9289038493802464,1.954555450880993,2.2664845649794687,1.956561565071915,1.935702387668994,1.5517240464264048,2.050146216884853
2.2506346620540096,2.04406275750842,2.239216881894351,2.2170422302938766,2.6436114370352657,2.564294109217988,2.139333551832328,2.0698825512055343,1.1707725981465078,2.042396079186732,2.081244783118083,1.994810407076091,2.0769750300808916,2.070036771362092,1.711813839178173,2.1026414109510565
1.9916837879586864,1.8155693380995623,2.1388282972222115,2.1707374853355703,2.6410675178995873,2.556950425617538,1.93590173761993,1.900737920840674,1.464115189495674,1.820322261145368,1.790754950951811,1.7345088143464702,1.786446206434345,1.7600879281733903,1.3499232916981243,1.9206381545683557
2.0387756633421144,1.6691921194439343,2.147375520254047,2.180378033408306,2.638336079078801,2.5591082739567743,1.8622761852567775,1.8621287380452451,1.737945453527212,1.6781220168068598,1.6105651779135506,1.6645465749275286,1.610648478903591,1.570146705219366,1.1267436518247202,1.8327984915434905
2.317410206112374,1.741696122010177,2.1929863014043423,2.179434457820924,2.6352535425731083,2.5513476068729153,1.930719436278688,1.9079070404789469,1.8351448430284023,1.7484187803896454,1.7011797952551082,2.0567960483956806,1.7011316494707005,1.667972381111513,1.2421284692497971,1.884235018486156
1.657794575155417,1.8091954587971852,2.0705316675182024,2.106615818264948,2.6319167770061114,2.553529551802024,1.923609047306452,1.8770198969013852,1.7603338114486888,1.8096177224918613,1.854846856164988,1.9885766821995596,1.8472700654069307,1.8311328188050544,1.4358404278949126,1.9120250734557955
2.2162325782801156,1.83571303834398,2.1799100993557374,2.2082954814504143,2.630033412394599,2.55157955172832,1.9939653059144715,1.8954161493557695,1.8235950874581297,1.8342530311229135,1.9124686850390689,1.8722283059423124,1.9036981904339376,1.8919900168245225,1.5091405933329345,1.9626083367420415
1.2567341198979387,1.7444726517993745,2.0068376175891145,2.1522129896440023,2.627316833572624,2.548954179516081,1.851055631588656,1.819860139752146,1.6537678964629876,1.7481260638468656,1.7522916165564175,1.6688959145010192,1.7471356893529777,1.7220488252678308,1.3107160803254616,1.868122702449858
1.3831725472007963,1.6236951565961966,1.87108158047618,2.040187813664567,2.624099144873445,2.5460957989946817,1.7388870111405843,1.7981285494614332,1.6258050147547332,1.6317858366053213,1.589398887324729,1.4490229816285811,1.5846381044137547,1.548554041593884,1.1095121465832616,1.7648752717640126
1.1172713186133607,1.5212285268044727,1.7164580814070178,1.9537311826883383,2.6205098335337027,2.5410848105221517,1.5314818673451849,1.732886226955155,1.4771021368867654,1.5320173489119584,1.4650427071162926,1.394596331043294,1.4541291965511034,1.415545012736389,0.9569245377120384,1.670919366417936
1.5216215167028713,1.7086608209088907,1.8439991493785544,2.05266096440074,2.617573346988604,2.5315111335446803,1.592612136878573,1.744737012587931,1.2555746775476884,1.7151395035371144,1.6753990258181457,1.7885804226339723,1.6641128201072646,1.640845590142714,1.2213982309450302,1.7969841265859827
2.0258745971737255,1.815176508528148,1.937471980018097,2.0770947242943207,2.615341166278445,2.5293829695663153,1.6845538082888871,1.7670461524366383,0.863541907180787,1.817252808466188,1.8294179722856672,1.7568168727932485,1.8112940750342952,1.804312246165931,1.4150474869509566,1.8727029143707037
1.6154967994083325,1.816915915332216,1.9468890447753804,2.0566137516774736,2.613396141534599,2.529141704724511,1.6565171338161189,1.7894172988095702,0.20730257884407077,1.8164899400041965,1.8741261970057597,2.203377797336974,1.855889299797967,1.853607272952445,1.472153475424889,1.88416179687425
1.8571703018656016,1.574688030771044,2.1038666775840698,2.073731696891113,2.6099423235155035,2.5215206517499045,1.6235371203032205,1.8470284326375213,0.2964408683323816,1.57734722086471,1.625131390852206,2.530304869229654,1.6152437302008582,1.5888045191868194,1.1639125028105368,1.7808096853113875
2.2911517471306304,1.8214493352205197,2.409280414765365,2.1987328597181524,2.6074785372432445,2.5170013719828073,1.863718143728964,1.970230632337863,0.3051414496056948,1.8218893713985107,1.8597882890875972,2.7419012079951903,1.8573527373772365,1.8417433736383308,1.457444937455094,1.9626602881355308
2.531794331159918,2.005940339114462,2.533696044524237,2.244499899986535,2.604106544416112,2.5149376876846814,2.0203433998206255,2.1104493528026227,0.16238532110093296,2.002512198321984,2.080038898056589,3.1735128299065347,2.081485948033663,2.0797071094619075,1.7322387181550143,2.109375087291933
2.0969554844163794,2.089765469576524,2.5879061532153087,2.2701099950373185,2.599564674556753,2.516114296069513,2.0358394931099317,2.093779905462524,0.253774552917041,2.086002656709399,2.158454363839726,2.715995594384931,2.1572085834732855,2.1625341620570926,1.8303692302984664,2.152086730262242
2.174202964712089,2.0518014098850466,2.4500323342545136,2.202560590030887,2.5974674956080164,2.512391681849928,1.9176813221408588,2.017634212180077,0.335908325400891,2.0494154846146886,2.0982054537394923,2.428063205653383,2.0999845296485837,2.0983795368074896,1.7560677689940565,2.0919539351412864
2.1409881567573965,2.1199773468281164,2.540597989044837,2.3005510364709463,2.595700682287941,2.5097794836823706,2.070795494407746,2.11149097582576,0.3097587719298245,2.1177523263641573,2.148810931162573,2.688893393857199,2.1583081740372174,2.154942870705766,1.8198216055599648,2.169651317455859
1.9157144052228143,2.0226299900497846,2.618486771390352,2.3313263948026295,2.5944925316267673,2.5086735886107725,2.052213423379514,2.1122577075721325,0.33451235227990317,2.02352492576196,2.0122529814447505,2.9434063305414693,2.0309389368610855,2.010533472719042,1.6505292777636116,2.1198405023953684
2.748655432248916,2.0394877777944407,2.7765528441945984,2.4307650158617036,2.5923132961490443,2.5066428830024012,2.0897840990075776,2.0771353395777608,0.1944956809175169,2.0424799905887054,1.9899307305296732,3.0694323175628586,2.0126182406650557,1.9866925308062584,1.62336674138201,2.1350777691394605
4.13679650193443,1.9580829744000177,2.9791933526226195,2.5388588965726444,2.590387243121167,2.5050380753358543,2.2004808135724128,2.139364312004819,0.22738064798919488,1.9644399558983745,1.870605311348973,3.482716916307384,1.90691677091069,1.862144454235922,1.4754653620506764,2.1283171189562027
2.523964361077579,1.85457360709912,2.8955989982690165,2.4176984358637887,2.587872347055806,2.5026154033383716,1.9856277109806475,1.945371883403436,0.3974962306392049,1.8678614433867848,1.691593547818057,3.114070449919623,1.7293086625817244,1.6689303310295338,1.2539846601517892,1.9806313276180165
2.403781273410483,1.6864868403206514,2.8029508448937306,2.294412661905074,2.58498881662215,2.498976337839502,1.7252495492383575,1.809260330947496,0.5347495650581457,1.7162066457637448,1.3739814266506936,2.759165142944289,1.4121055991770788,1.3283173176228924,0.8610941137522009,1.798465266316752
1.624010216026329,1.3059416296464073,2.694710410189049,2.197512374906045,2.5813741249808895,3.7260754221212222,1.483994988880866,1.781705727518653,1.1161986723304151,1.3615284992171517,0.8413626599883656,3.646777868486022,0.8976471370035949,0.7620586983908558,0.202900351563314,1.545527315407554
0.8026472513217833,1.3936067492934114,2.457783484668546,2.046459942346765,2.577495040762642,2.490677462369128,1.344482237823828,1.73359444696823,0.9105595535320976,1.4530889938444278,0.9086007768935006,3.29282049919518,0.955603691812842,0.8338821947285647,0.29070028797080427,1.5354360400132308
2.1624876487932045,1.3226863470168393,2.2678187022983756,2.025585419069592,2.5725344231055978,2.4834574696320164,1.2738898723748464,1.7299421760459484,0.8338373009328048,1.3755097961286715,0.9107682693738572,3.1083662781080403,0.9581324777583246,0.8366776976853724,0.2976293897363933,1.5104514151545172
0.18756267510666128,1.2423847280160878,2.1659635940286357,2.0343548854708264,2.568461279363243,2.479929714552145,1.205980104082867,1.7536875777706489,1.1110398710351133,1.304566758650851,0.7900615665365398,3.037778946771204,0.8352823688660533,0.7081143659938739,0.15246827952525577,1.4706676971072166
1.650954864124153,1.2648719368959274,1.9896428633377223,2.1526209814573747,2.5649777107252656,2.4753778743743977,1.1691155378542395,1.7253368917008358,1.035374535086664,1.3202665278728545,0.858424377964063,3.247515058111455,0.8931553735012634,0.7799842632542034,0.2414509979439125,1.5141621947487822
1.3144292017579084,1.3290991374479966,1.9609173659905437,2.0825145585680964,2.5604431365494587,2.4719471012463545,1.207987707065896,1.7243636791089008,0.9952291033815897,1.3845097844003282,0.9197684264231956,3.196894073754402,0.957739957349494,0.8456003992227149,0.32142559316312236,1.5277891121251304
1.4111999874484935,1.3152432867263542,1.8448450451987335,1.9490765112690625,2.550153511174648,2.4679537280797117,1.131301560135518,1.7182639432352569,0.9601107679975353,1.3743958658515731,0.8935216000813169,2.5743550186010085,0.9265260116488064,0.8182339653793104,0.2929869502519176,1.4838144801093023
1.3505314659514598,1.3746774170246452,1.847683863499852,2.0010742041104255,2.5425312328573706,2.4650629326269877,1.152441267227232,1.6908055413174885,1.1441168165131854,1.443553423396218,0.9087140853210844,2.3797442160372517,0.9468721951246544,0.8351078881137581,0.3157550371225677,1.5110368135363041
1.66831208288418,1.2805469729084982,1.9396009934912315,2.081723586233091,2.5390942858563186,2.4608231601664774,1.0985493031281148,1.7969350548401213,1.374319903032073,1.361842692204219,0.7900252271726236,2.695103927769929,0.8366987907292063,0.7110130754108239,0.1735883626876093,1.5076316401125136
1.7962357350984508,1.2694053023205134,1.8350442905996267,2.028213901718774,2.5346520483568717,2.4566366987909043,0.9937084330009904,1.793167104804278,1.5616316043623568,1.3524342266421847,0.8116931770306643,2.2269228976836093,0.8456056772855114,0.7331994930335909,0.2046058310196708,1.4963771025489754
1.381527393620376,1.3573450684492172,1.7623792330420227,2.0303108646518244,2.530321854808707,2.450592619432754,1.1177991040171775,1.737797546649266,1.517247656321108,1.4376294473038271,0.9457385646647206,2.5078491244091965,0.9726692047882806,0.8749307397704497,0.3734538816060405,1.5378691058174094
0.37856364583043,1.4350615065097243,1.650732188777667,2.113547269578968,2.515740358217275,2.446125753128481,1.1768545833478996,1.7566899691947375,1.772410149917114,1.5186103768239017,1.05452062236489,3.2070363048396517,1.0877965712412938,0.992391902503226,0.5102454736112094,1.6108420594906243
0.9812691711424132,1.8359866123144248,1.8151343226326135,2.142218922980133,2.5140720877057516,2.449281542972237,1.4524140363884182,1.651853645306958,2.0331708736451626,1.89028206373817,1.528098886367221,2.3294457335795404,1.546396973927116,1.4944705416303703,1.0931066840376895,1.8031133795981205
0.6159016306999329,1.7321261191512038,1.8588354679852024,2.1129784568750067,2.519024691414485,2.443108720386981,1.5569899091114212,1.5850005124310722,2.1767210013098337,1.8104522557430065,1.3612247911537558,2.66046355837588,1.3932959796957491,1.3181958731820114,0.8884301191268228,1.7174140040507102
1.3820437520845958,1.681659794834916,1.7375096636801544,2.1378984420006857,2.506370378626955,2.439030630595491,1.335097780272204,1.5729846819587086,1.8256333830104277,1.7719013529362488,1.2987802226873175,2.2790430590609643,1.3142742226061777,1.2499646147318575,0.8125386738966588,1.6953911748957402
1.0191659621737452,1.833958276879392,1.7401742423566755,2.07477450931553,2.503798667923321,2.43875179405947,1.436220156679163,1.5509809704749515,1.732040945737845,1.8959789392707975,1.525157408182238,2.1785590977700497,1.5355995284416335,1.4907299096886384,1.0912020168558505,1.7617229568108792
1.3652795220281917,1.7566798718924297,1.744005847168978,2.1933546703188536,2.500580766627428,2.4328406814670505,1.4699489270412394,1.5838611723748035,1.5140825961903692,1.8177626784347771,1.464410921622891,2.3862336406798867,1.4853919934132969,1.4276459030624231,1.016741850586121,1.7648473606878312
1.1134814159386714,1.6779714533407868,1.80028622715755,2.356535072349109,2.505886378908339,2.4275936480200837,1.3836867321974524,1.5455109161772076,1.4162617193850702,1.7316569748903388,1.4321480618368474,2.0041113056565996,1.4362497667272962,1.390023346243609,0.9776143670229104,1.7664627563133757
1.728975732312264,1.655699919028056,1.839756633419413,2.471759440570656,2.5035480305976745,2.425454793501677,1.2743007519717438,1.5035908670320304,1.404816255086483,1.7139590358903265,1.4039239641172845,2.4385320463673614,1.4026533009639957,1.3590735849456532,0.9434974810128086,1.7733083269025742
1.5711209442717844,1.766529414067602,1.8174136051687528,2.5282930082504675,2.492762183513313,2.425324566994552,1.397328244120032,1.467125219498294,1.4355833746116264,1.8105585528367891,1.554076276037458,2.895674224315494,1.5469447355604544,1.5168486856018926,1.128740382449444,1.840013264155752
1.0371295030701733,1.874371992762394,1.6248472780900474,2.407180471446014,2.491879826957607,2.4228473209417327,1.401282590860164,1.3920629853443978,1.6559536117229268,1.896175542412132,1.7427120105755816,2.154582255581328,1.7155695741093504,1.7140616462656937,1.3607300170343677,1.8595327524445313
0.6933682382050396,1.9637313970750665,1.6009724147447877,2.4705582187053365,2.498527157888018,2.4221164021388915,1.5131892038936907,1.400147977370494,1.5896511200222507,1.9719328298383911,1.8968115076722072,2.570004274457264,1.872800668358789,1.877851198206121,1.550053421114459,1.934862633396607
0.49633711067780806,1.9044541178630827,1.5596798218504728,2.3489844200576027,2.496835208396542,2.4187570169351567,1.4468931481691494,1.2924781571184043,1.773402548033376,1.9105740926293815,1.8624490788678183,1.6733053445238104,1.8297254742580045,1.8397116846738817,1.5073555082579042,1.853621437168302
0.6772596825519537,1.933316453275604,1.8439318232809816,2.3141108149011296,2.4873758003981465,2.4173195199375077,1.6910849113740225,1.4107185701758025,1.7003758725613105,1.9231434820807771,2.070986335269718,1.946720253718007,2.029674870192607,2.0591174546445385,1.7643744791350446,1.929739800606857
