"REAL","ARM","OLS","MAG","DFM","RDG"
3.1800049155843,4.290984017187251,1.5325363964751761,4.503269559298024,3.9185574344742586,2.8645855093604666
3.6709337349397853,4.394447628852446,1.9638147511490784,4.601344296662149,4.0220688874742425,3.0146577158936534
3.628109406070612,4.457886470185981,2.557958980578527,4.655360663075174,4.092743299164208,3.1307882001020473
4.048840780553542,4.119370871653333,3.670496463517015,4.341745063759827,3.7745578812660434,3.2153485910284942
4.016905411975946,3.97637335587186,4.190420491117434,4.051190034715036,3.662585261499642,3.340668760086925
4.276395716128079,3.8824446713172236,4.486345174948229,3.92570183947483,3.603787445128478,3.4960586604705175
4.124018312427857,3.8261629226892473,4.436550206441665,3.9216997640044275,3.597309920189969,3.717212918604709
3.3903318236435886,4.251683367707409,4.176105669907453,4.504369915312287,4.105402338378494,3.853417931783542
3.0033349916164465,4.415599744858646,3.840328274080117,4.7362785984283535,4.245811205918374,3.994799506409744
2.7129719708511857,4.349475714939761,3.9963775175173124,4.595708876831365,4.180011207933478,3.958054800866943
2.7462051770917206,4.21221409241573,3.3472436525479083,4.410996760171457,3.988541810997957,3.8086228995348144
2.9535015645872686,4.047197862280308,4.043864507835622,4.29060640230621,3.831565942796858,3.7487323338812195
3.245687611684467,3.869313013013757,4.916005885036599,4.166599895277136,3.651900827993469,3.8664971490431594
3.584672435105052,3.7634743748396087,5.0806847170210645,3.950470395585287,3.5166207516552426,3.793107095211875
4.124310194597713,3.575792508788614,5.858729357102145,3.6826552182776227,3.3282442629479174,3.692413788003591
3.9552319895685972,3.624309860012601,5.369870111117935,3.8064833216731855,3.3881337011937687,3.5734907291868034
4.170208148724175,3.619448463112564,4.689401135984769,3.8022309385984285,3.359362124698356,3.4781547698885817
4.165614743751567,3.8135915149935182,4.082024095516238,4.0186858953985185,3.4784937062896883,3.357279468081252
3.6496088423167983,3.8712597518569716,2.311031517066049,4.059627673660929,3.4434756149249095,3.0267134760939753
3.3572627593842608,3.703157739403951,2.761315376748056,3.7505747398813747,3.24746894556806,3.1783914360522663
2.8742174160500955,3.769704401843641,2.160231568326211,3.8405820753606568,3.383402263816744,3.2511687175442323
2.891138341324817,3.575738159036924,2.8319185569350735,3.636926385716432,3.257069091569533,3.1335729448347465
2.9619131975199053,3.6831201700573524,3.069031285860628,3.7745857770038227,3.363200440023765,3.2109192274696237
3.073716193538134,3.7708549677892726,3.2896318130555464,3.923284604104309,3.48374083446131,3.381589189257551
3.5207668857600627,3.6756070785300285,3.8707938786937963,3.8099430730804054,3.450586098301713,3.3875631709497633
2.8522252274403748,3.694094635143319,3.819782190529731,3.861399475927697,3.5241151764510255,3.3865927853609494
2.069013886940674,3.713895748444434,2.412683845394315,3.9422353392537333,3.6073493630965867,3.35026127963755
1.3164344233596914,3.6467501551614294,3.641535469087992,3.7990975743458266,3.606639277647553,3.6421284648777257
1.0997451384282098,3.765343924019959,5.04116445032957,3.9004451036410996,3.790766071606569,3.9557850125688114
1.1517249778179917,3.8085398107092554,6.101353992952092,4.003725059956727,3.9263666562129607,4.082055987576593
0.256285931980349,3.779258856683747,6.920689176133011,3.962639938372905,3.9430387980448884,4.123300145246087
0.48831168831169336,3.3672087370257224,4.8575902498330965,3.61819628875206,3.415621614071479,3.7105503271115707
1.57925792232132,2.8228097094502327,4.949341489464498,2.947133729964116,2.7284617530288506,3.2632286528157333
2.3652173913043306,2.4998342811306196,4.854732738213491,2.6517173334799837,2.246333963992701,3.000217002923298
2.368014444193678,2.4259618326005405,4.579538892856577,2.5115694823247514,2.1476614059951498,3.029539150467661
1.9062445943608175,2.4841483797451076,3.9320144944208475,2.4678443408728676,2.1919842531452125,3.0256040419669534
2.7878662100930374,2.2748402107933714,3.0844474488123157,2.213101403378874,1.932727490318239,3.088467569836183
3.271665716605332,2.0778622523274928,4.102695671355213,1.9627861085379454,1.7251859630454187,3.1203939827553673
3.168207724228189,2.2050850739054573,4.694911408106924,2.063740729436254,1.8272151407789883,3.228283459765532
3.5372980405637744,2.218405350918471,4.029807693607811,2.113649700088301,1.7629590665349546,2.920009330082915
3.6820342123775607,2.126875049590679,4.34460532688762,2.0758781524356964,1.6521526305068586,2.7623899964568173
4.163739483559237,1.9494989158624656,3.7571087358206836,1.8289522207180688,1.5014586558617256,2.7001407046342623
3.701303131609457,1.9439648890953174,4.822227933014801,1.8473856892924132,1.6194396781774643,3.0212359440938084
3.77307182433122,2.25577606923959,6.370598931344053,2.1028008702553347,2.0983486421848747,3.4180436127349227
3.912063325253845,2.6848210249570026,6.950525629507458,2.612841366048154,2.653898759428919,3.8239472066071034
3.847388066003443,3.1849464889479417,6.480587534183837,3.1225044490890124,3.2495343679857394,4.237464332795918
3.7367747152773134,3.255106119471998,6.283211808711333,3.2031879809808914,3.3285387433518876,4.177997209589793
3.3570565328320257,3.2724475620232285,6.7771638841243425,3.248066147750116,3.3666362585117904,4.161526544959313
3.6574950178353216,3.460797069818955,5.497596852043129,3.414218500030929,3.6847022208513835,4.092848552335554
3.152732368052291,3.7031306152093224,4.239383817266665,3.6932355251992717,3.9980335095654795,4.135822719663651
3.165367159315702,3.7226472372981054,3.8865040767975882,3.7201162313605836,3.9769575465787095,4.13272659136079
3.4897593955060646,3.85417970450656,3.6842580690208018,3.894194325040588,4.134679541868655,4.230259063622506
3.688084015546167,3.8702718663018296,2.9276876892486707,3.9259964294591114,4.168950660234243,4.110243689026235
4.176571579503419,3.9133797191944932,3.1641390724913636,3.999691492174309,4.151791380667626,4.063397336537219
4.397664665734746,3.8456703997186525,3.166906280293613,3.8967482279909498,3.9610555041106057,4.015447494010975
4.703332074294275,3.660171919911208,2.1207216117096497,3.7996815520773524,3.7120151415151867,3.808886219082932
4.998117932016433,3.722407223473429,2.7405051666518885,3.764497719011294,3.7740193537307865,3.9261339024546524
4.657904594387707,3.8315173490057592,3.1993228110152776,3.8901008382665294,3.8772592637999366,3.9388095074436023
4.530691783046459,3.86820080275546,2.7989256450299935,3.9596144042814245,3.9169411429573633,4.005442477165321
4.281948868873409,3.914845157378465,2.425817145132466,4.028176215171305,3.9192895141728146,3.901240541677553
4.312703163721787,4.138019789775697,3.181583789307893,4.285059565195593,4.066897658591596,3.943849860782824
4.367428800641804,4.055859164073149,2.535332025864418,4.197074387690949,3.954050658083555,3.8913127664786193
4.11623822449303,4.189780529114687,3.773784106623482,4.39376384080524,4.0715183400960795,4.1149754964491985
4.806544540115532,4.186617828135457,5.8441754255830665,4.336747666984144,4.040702490827903,4.325492673396323
5.081381500595494,4.219106368227861,5.938669480271017,4.308622069789133,4.0481253330308204,4.282124338093556
4.901448587033963,4.322247499294363,5.882992662222884,4.436881306980141,4.152932428426837,4.3282088427476255
4.341388110015432,4.42963109482028,5.024884117486213,4.5534301251949625,4.284894458386295,4.222997331042727
3.699400182143675,4.583541069390346,5.531955305810336,4.707754537240586,4.451737163893013,4.285894659222625
3.4011796179539644,4.6014897019765915,4.4216897778415,4.938170353684382,4.475873481261216,4.211579975730673
2.859762826191714,4.752489959999446,3.8262550507892787,5.128037675794075,4.684081921268251,4.2251580493739045
2.5582655826557943,4.817575490305582,4.360965234472797,5.188925685818415,4.741780716454013,4.206446270770118
2.7073385563951557,4.636913143816024,3.61491296552291,4.989452171208706,4.555046692321364,4.166075766156123
3.752698119025588,4.412068509622461,2.902623099111504,4.73132029133203,4.385255017863453,4.328692687126597
4.628145041933873,4.160259258969338,4.038926783599585,4.425964033151729,4.126025768395248,4.102927080543708
4.928775805310304,3.9241553327200047,2.995338660608276,4.135279665087751,3.8949603823722962,3.712843484985783
4.56934463155636,3.9802137358477645,2.651708109379745,4.181827375227815,4.00736407980261,3.7439815863738355
4.571795538294543,3.9614013356429343,2.8369737681374283,4.183299572895685,4.007536596631637,3.871436866705857
4.884965466770375,3.94379963434515,2.6892423122768907,4.190555240384802,4.006932274271228,3.8957586186710205
3.8470269534028656,4.149720371734253,3.276021798405383,4.395393596384247,4.498515652784688,4.140706989822963
4.3155277631281574,4.2497653752905515,5.547678041270016,4.444770401899637,4.339551407369994,4.322337988388514
4.825246216670687,4.252978174719035,6.845817472721099,4.364082885744465,4.284787987588159,4.327570296216304
5.54290508149573,3.8732768895313052,7.3823733957643665,3.9447391162400303,3.8532604028901103,4.200791078874758
5.348600813202609,3.748207006761809,6.093524424747734,3.801124606337223,3.7517794176871218,4.178309902300707
4.61371314610588,3.9458876666465565,6.659586430487879,4.049235728788798,3.9283309984373935,4.339023101383888
4.893983488745013,3.9505738025513377,6.659694681969388,4.03018539284024,3.9071951262374545,4.3122957855405195
3.6107792380193793,4.519575126666062,5.712312086085605,4.68959539613261,4.633915524834149,4.769606502809879
2.3953675877739222,4.86507487508554,5.0636876976195495,5.085307643358004,5.197810951185031,5.178813316234394
1.6092825282061352,5.021122644638546,4.5602406924897,5.2459188521657465,5.510282889453834,5.203321040088558
2.198442163500003,4.94389181969244,5.200907179546788,5.214035142815026,5.4009069784100445,5.113396715864038
2.374128976884249,4.767009588325733,5.02133860396077,4.980557478563979,5.1587317940415005,4.889651098473119
1.9450402921908694,4.448139299645257,6.456932636118215,4.630140374068494,4.4706201171594175,4.738834348497751
2.3355210732965315,4.101642290588019,4.593846962500849,4.254497976615471,4.246559503717302,4.506647292687313
2.998609340595637,3.7947770761867607,2.256879727367859,3.9053301333527415,3.8957868661325037,4.23184851990365
3.016456025681835,3.7524667146600983,3.0344437987659765,3.8274324778739497,3.7993055433521734,4.18950521368398
2.6152073732718772,3.9145724493138347,3.388201591283729,3.9784211754419943,3.9181507457278326,4.111340097584505
2.768952082464704,3.6757272029472245,2.204200079066209,3.7429860914840964,3.690078787775282,3.9013954418146652
2.7157764795383788,3.6045600714660906,3.0688095860819207,3.616931437861338,3.62216297393032,3.6330178563480326
2.7553811562862407,3.2283875637835258,3.7096391491299947,3.210009085812568,3.177526766919521,3.3026432767403597
2.554697646538351,2.9950630869365966,4.303697812030987,2.924167386219574,2.8780019245467794,3.191827250993426
2.723763123780243,2.670252363107627,4.169553225593368,2.595154398402121,2.4992073481259527,2.9389261837933107
2.5587081366918785,2.7457238175316947,3.4451056131578968,2.6588080598594805,2.5940137075579908,2.8438491962514543
2.4220079410096407,2.880747091948563,3.0954476998818543,2.8458603015429698,2.7284575457187987,2.8246637059853392
2.821010295554638,2.675453864434995,2.0354435863990723,2.597777933443783,2.5446949598040356,2.5407384858998836
2.585147409908295,2.8542050454762746,2.9734008436855506,2.7926254480534722,2.749194458940099,2.6296564869572925
2.4266508835714795,3.0466517659925945,3.4622143588318246,2.9817153588200878,2.9694938609567223,2.6942849533141255
2.600030919286578,3.1254969789244833,1.956931851700881,3.072836469558304,3.0791798044355487,2.6668826548959865
2.736918931057719,2.887031340937171,2.950796921030782,2.844862492447558,2.8834383846682305,2.613467195657915
2.7348894555440317,2.8923669913633776,4.98125332903172,2.818113842725348,2.9177234591768118,2.6841789434018173
2.555544694102707,3.0382718042293133,3.507802184314623,3.031812621110734,3.099472126130242,2.867134958774465
2.591208300792136,2.954808639843489,3.567846532822017,2.947598292811304,3.000301012703563,2.946892163431443
2.6676691310583145,2.801685812994273,3.6681141187845716,2.8391977256689622,2.838171599486843,2.7675444010467274
2.494519825744357,2.9436566352120486,2.908992907223133,2.9776059648398485,2.959658392584794,2.720960095385746
2.713816928125379,2.931266543227121,2.73897504846301,2.9304018667497838,2.9145453946934357,2.701302311661635
2.4298548721493063,2.872345026315805,3.4945864612934727,2.859425210031273,2.8548703283625336,2.6797017909348404
2.264078098284683,2.962988172563094,4.230785135034956,3.0237010393712334,2.9500468635940487,2.6476425571651085
2.3074910853193575,2.8775064916282673,2.6965203930940573,2.937273746943253,2.8696148269332484,2.464486359775331
2.11318888171359,2.842487141210129,2.864677209748115,2.87389210550736,2.852271126687616,2.4186970101067193
2.2006933691436803,2.8409572207531326,3.8919409646789282,2.8696241220857046,2.8509683204951983,2.5496252949858382
1.9507397237818136,2.9901012528213573,3.68753287595253,3.0142020286784215,2.9601655924104224,2.617837170757112
1.9254666866951542,2.8680401888947977,2.9438469203774438,2.8465135791399603,2.841165009572075,2.5472150542831296
1.6715522530506455,2.720234300881669,3.2440092930477133,2.7006349542721506,2.646338205928761,2.2754295962410462
1.785738590736452,2.7513910883047994,3.243806252146973,2.718958133792294,2.668068317134191,2.1714556953407405
2.1291638341264463,2.698902717865737,2.458492704609049,2.6266096973031656,2.6222224217445067,2.231554280459418
1.7348875033884603,2.660526971365854,2.1611564107276697,2.5374198485939767,2.6121074073159276,2.3381628229355313
1.6532056225225578,2.6435409145455173,1.510850318806777,2.5300591272217194,2.5929828694613763,2.4398639096855423
2.093759298834108,2.509771959108299,1.1428924991265124,2.3691029340562224,2.459771382393314,2.3974181044146174
2.6663782146624015,2.3285818309329653,0.8829556789623272,2.146503500880835,2.2913525003815733,2.3618494151138028
2.6549030717552657,2.3912040897761866,1.7890533725782092,2.241935933213839,2.394404691770067,2.4419711983205383
2.319292911627402,2.4520496198514006,1.9750657434515735,2.3266390810232593,2.4488503709350935,2.5599019017410005
2.424079548508473,2.318639986990626,1.6574188781785228,2.1906343157790755,2.308648295779509,2.3814849313419897
2.52522541863458,2.1745333517148575,2.463315996640163,2.010901811198893,2.1816628109280876,2.3137910714981516
2.1711195588156595,2.348346935693611,2.364540691432642,2.195322876690766,2.3406316413180517,2.3578505023555887
1.9294406490179217,2.4841919328738955,2.002706524995724,2.324233980250184,2.5109399446050245,2.511548289206096
1.8213044693852876,2.5289135897918227,1.96070319974519,2.4028488991152006,2.597100076840836,2.610714460235103
1.9575769665536313,2.5320825396254882,2.061315177728264,2.419998770867278,2.590374226652363,2.3639325209959283
2.1401449775630077,2.4098655498392123,1.8889369194710492,2.33271800996676,2.440776634359834,2.2044888564935268
2.043223045223863,2.4194817525408743,2.815585306048165,2.3297354469164975,2.460161910384311,2.2580264757248907
2.092188720719257,2.4556613656808794,3.198661026112379,2.366721380989495,2.5161938311895327,2.300318391369185
1.9480090396077454,2.5931922829804535,3.246375570985279,2.5170589939287824,2.6570556088894817,2.4812376759112595
2.0397123820832253,2.539719757813049,3.0688080027727933,2.459167587715476,2.564527941639402,2.5132770038950354
1.8174395174566538,2.453351618108556,2.9231978303149524,2.3690405513742023,2.4938912410505916,2.488207556698874
1.8127364438839777,2.574084872051338,2.395062385266977,2.5125633399114604,2.6320337837979593,2.6026848396752573
1.5188877229801,2.574358133447434,1.437597376952334,2.5567428733547515,2.6698482745641305,2.573432313271619
1.7271881429451685,2.443715572893822,1.6623940617080677,2.430439187180443,2.559920472538767,2.5226242988681093
1.9344536935239187,2.2777052633170003,1.8499712900349856,2.270631512892716,2.360460677353649,2.441165068064463
1.8153797931250715,2.2687424564966294,2.112561107673854,2.198712824279185,2.329482841110516,2.4237737659419665
2.2735281450255496,2.2297265903211323,1.7240785969219339,2.1460964763254675,2.2922391451846758,2.6397355757032708
2.3510114816839955,2.30216202969109,2.4992609530054333,2.2253705276304334,2.359371777362133,2.6538685199349765
2.6946458558429587,2.132077742752971,2.481728703616512,2.0802713939402055,2.1773085958404095,2.3608318963477983
2.3022554827980546,2.238513273108095,3.0725245426084813,2.1897972006119284,2.299272687685982,2.450265130046809
2.2736994931490617,2.2640193408891522,3.0465904096466656,2.1950647203236926,2.383822512364593,2.4146523833334284
2.1588599976702483,2.2505243731429267,2.285188799278387,2.139987838447535,2.3603020622781434,2.347628300301384
2.1111856707789034,2.3510105685645133,2.3309221397478175,2.2582252507968206,2.4789713164102873,2.5043728117813484
2.1178317314496375,2.3821703902828597,1.996322479176315,2.2810480818076333,2.553043080800198,2.432363246025302
2.1450407172399544,2.4051049087759573,2.345377678631795,2.3061170192525347,2.535255988182197,2.4095118228653973
2.3788116217535293,2.327633628560463,1.6322280820917752,2.228245820228279,2.3999962285397647,2.385570710635955
2.2071263778518535,2.403771111414609,1.5298721827040513,2.3021129286927704,2.488963832592896,2.5510725613444016
2.4277501056378714,2.3039304317212856,1.3957071259816782,2.210594157807509,2.386074696540634,2.407495936631538
2.0840250287319506,2.477647123762101,1.8788812126462473,2.3894028571844323,2.5699679647507074,2.4425955852269343
1.6704013037278642,2.512460266518459,1.8468834692416574,2.452438045042287,2.671902208946952,2.5778334725716543
1.2199926292112195,2.669396545171155,1.7867755859658432,2.6176884472426982,2.8514514601934575,2.785390936011003
1.2388931200812525,2.602146285836448,1.0900703957500335,2.5277413013502614,2.781843085147154,2.714399823862558
1.0927853348714933,2.516140283623,0.9412076436495458,2.4447067054097174,2.632369691602371,2.617622852784959
0.8400278322474364,2.5616366455538166,1.6736839149779539,2.497423722567066,2.6591490249650405,2.5870974785205854
1.0894017137224044,2.39357973302858,1.956185344074086,2.3298021972024,2.4344284779946355,2.3820850262246425
1.1616161616161413,2.2171529292095027,1.4952002841587355,2.156599467789916,2.19584358901158,2.27549338049746
1.2656469072490406,2.0314299063515513,1.4646186674296233,1.9520985486544924,2.011877668973261,2.216041861938604
0.9814805470050647,2.133763362196322,2.4565319778522996,2.0686940671122924,2.134744897510978,2.276312104664712
0.9481541254791281,1.9929534153991546,1.9547899029702498,1.9246673645477153,1.9806484572344114,2.0110916374176706
0.6601408468448255,1.9720902865958096,1.5007570778039105,1.9241351934149666,1.978219313687836,2.0935652721825515
0.22122503362367318,1.9275210313437148,1.325462881418933,1.868617588929175,1.9224684432346384,1.950351877212767
0.2159176500125426,1.7777213231336406,1.336152669852174,1.7023181709419277,1.743886192747428,1.8865553583460097
0.4719467804694233,1.6265476880479124,1.7263799395590287,1.5673096386750252,1.5773759748563716,1.7293206430399264
0.34397479192036506,1.5081032357141306,1.9403702636616316,1.4685455211010239,1.4562243834649142,1.8339462486546276
0.7479168758156796,1.4266041711636808,1.4968512849403213,1.3695928899343426,1.3431101673433292,1.7052627657245725
1.1451675686535712,1.189126358042679,-3.2198901051464013,1.1366647175268687,1.1115601898543266,1.4701520697893211
1.0019461359783932,1.0991571230450796,-7.785775589332426,1.049408500618063,1.0260364910550592,1.3288980848933858
1.1762345446793887,1.1196804494307107,-6.024321880792121,1.0593630862780872,1.0571972618296472,1.389088959898147
0.8990958952139749,1.268375569189132,-8.372556217238321,1.2312358962784689,1.2243327852537913,1.4979970164408476
1.2732786926335393,1.085236978865716,-9.7162914144531,1.031539007024008,1.0614973559472933,1.3865610980704635
1.155202160378055,1.2412711653650885,-8.94895865518566,1.1769410052604905,1.2178743700196928,1.3717925385977716
0.8315125788126654,1.2881292077043207,1.666968092101278,1.229180874453812,1.2380171449879258,1.3941046882669583
1.099395332567088,1.03701138006356,3.0270145613879893,0.9995272935260159,0.990388087478249,1.33113231446038
1.598204824534033,1.1099479866402189,2.700048055129384,1.0795359615992797,1.0487973604118432,1.2821646252111536
1.6754553274243467,1.0992393639534428,1.2424679222471542,1.0386579011606774,1.040139552971841,1.3972817040008312
1.5043211875171103,1.20595416114666,2.1119623029399954,1.1437512692636767,1.1115064606794214,1.1649295989947381
1.6706443914081603,1.3289738725329894,2.2824460437658463,1.2974486467386215,1.2484555659233443,1.2789420479846305
2.0763913065101836,1.3583361690863207,1.9024936333465503,1.346449865764382,1.283637323909295,1.372210886234844
2.6415188111923005,1.4124905940668988,1.7756926581352128,1.4010984359125458,1.3707080413662525,1.4489554807306795
2.0307707529435337,1.7053140294530866,1.6781439667694644,1.721013654071458,1.714307132202729,1.67526673716796
2.1263707055347414,1.6216981943682771,1.8720047640645976,1.6221400256564191,1.6302258550161635,1.5535289315371463
2.5832447531703107,1.710970226933846,2.2731076427623425,1.71325954885572,1.7144248341517436,1.5861230481797646
2.628205128205119,1.7332141494273055,2.2235242464341063,1.7437307647320934,1.777571413285673,1.7620518879578342
2.909073009856833,1.7711107822192083,2.0512538636723177,1.781367310309911,1.874380050444581,1.7813028888044875
3.065716703250887,2.1349175323107366,1.7775311094327786,2.132560747429136,2.2827577070490386,2.0238396519941113
2.553962559839329,2.0890290954521418,1.7446832313962641,2.0911983428380276,2.264279864070574,2.0791504009532877
2.532141065945792,2.165422730845613,1.6686724176089487,2.171798754749023,2.368176160102936,2.117928198149086
2.696733413869268,2.2912328263585615,0.7614526829718403,2.3220565452718693,2.595200724035374,2.4037697090392127
2.6038498041028646,2.385549008270906,1.655490572623299,2.430776398107926,2.7706407178060526,2.567433111251709
1.9358360118867157,2.6853413984494883,2.324810348892683,2.7397434708683988,3.392335291050759,3.0389892575943773
1.9493459907967914,2.999611611554359,1.727462902537031,3.032794724469441,3.5865277945689504,3.2798838085734587
2.4129593810445105,2.5172392376177113,2.7271757198081596,2.5227186464194995,2.959702470827498,2.9148421836712046
2.527058368766877,2.550133186828922,2.5167620572913956,2.565250556756213,2.953216836790492,2.9261825871705964
2.12386823348103,2.8188805908162418,2.664473243392993,2.8561381852135432,3.263100295031636,3.1303912442284023
2.5343518785433172,2.7988293951550345,2.766768067799388,2.8437401372997297,3.2006120417472963,3.088266422084528
2.837475823793012,2.6296145731598903,2.7492268732106337,2.682013326125706,2.9118211800095017,2.884824751234977
1.9688053203195999,2.700023348285836,3.3847946249917213,2.7611026825832674,3.004593021974497,3.051410929438137
2.0688501875343324,2.6796549136447814,3.3775092735628296,2.732290406582647,2.9620626634405864,2.9698948990438385
2.347608254801381,2.7193603198362015,3.914027778849311,2.776023099026463,2.9885846487373278,3.0485142380031616
2.46848864638185,2.6145920172286865,5.553319768206859,2.64859256227364,2.836517981547465,3.027271814570229
1.513444271803177,2.7509366247610996,5.109094114002565,2.7851300262326992,2.9124992966434977,3.0902151572884273
1.2366151805173864,2.5938676863578327,3.9437496642116807,2.5983095715384863,2.587110520794883,2.8654366559852766
0.5756452319755301,2.2243117187566392,4.891992431484304,2.2511817387334165,2.2274679408588907,2.6262613167801496
0.9316182729594225,2.4650470387279775,3.872025744155121,2.510245000810767,2.4824041233232843,2.5865518198477204
0.2523168344849225,2.633374806713593,3.4857458137651123,2.6852079102348156,2.6783913653338463,2.72836170864177
-0.3318662179019549,2.5112698788371692,4.029230255629254,2.5490418612510277,2.5350749511017465,2.758731471604792
-0.1318438121696408,2.272862222298426,4.133926857710206,2.2979055978547613,2.264239369217295,2.596153473366965
0.20954488734017396,2.2794768898874636,4.01501126859047,2.2851017950788544,2.2712611690352595,2.6283357342452587
1.421991260186628,1.6161398862273242,2.0312251508846,1.5854160506219088,1.6089914170751562,2.2149049409004933
1.5580503189061012,1.8076554366502064,2.507398061236251,1.7896724560365276,1.7395972410814091,2.0373151724125513
1.855842488901427,1.6261466946308085,2.2943129291401263,1.607565391336853,1.5236230468888734,1.7530209197074624
2.3222095175226443,1.415363084794641,1.9409054511840358,1.3797099257078478,1.290132979603146,1.5008735256858021
2.5985652527298786,1.0840629310058438,1.5786358531387554,1.0405036156356564,0.961848493813422,1.2345869890916974
2.648321279473187,1.1050819135094372,1.6621248853097612,1.0807136432138975,0.9875135970019037,1.2431394550844426
2.4298714701191493,1.3426381733582313,1.3815347772199384,1.3302496050670536,1.25106843748619,1.3190327648383249
1.9360112097150495,1.5546582566005622,1.595946851026462,1.5383712836602597,1.4854067759503506,1.4929306334557424
1.9741217375071507,1.3895846786985162,2.0235259661309155,1.366388409039074,1.318733117541985,1.3940527473716908
1.8807243235684723,1.3403367446811627,1.9618249779691521,1.326543189125034,1.2738356515062577,1.2020500488830448
1.993115958881786,1.552621491184987,1.430167716861035,1.5525785715353693,1.5181338283470873,1.365000999381304
2.432655145599538,1.728736760210611,2.1423122563048684,1.7539759086963986,1.7028769810352236,1.4813916411993657
2.5791351902488824,2.164255750083024,2.9161426583970274,2.2136844382546608,2.1091320795670456,1.5580583329598712
1.8550000578242187,2.0116099741689486,2.9716943020545847,2.0536951149294183,2.016088114497182,1.7306924781034339
1.4210617526428049,2.1585627000020997,2.526878133691359,2.2066658463694013,2.200743353622609,1.9650267064419864
1.4776334776334998,2.3211718771977927,1.7821091569777403,2.4082072941246637,2.3959504423429414,2.126982467439752
1.4944791774607502,2.4902272158031353,1.7255108740361584,2.590009881919041,2.6150256122424573,2.3754474336503266
1.3049111903587818,2.703754136674246,1.8857991440169823,2.80795899779806,2.8961454598834298,2.5629770219793144
1.3841067935621787,2.673764864887589,1.4625857419607307,2.7789970551242993,2.87232457031456,2.4510052996964435
1.6660746410606109,2.1480759321531244,1.8525436634811858,2.2471290203619105,2.2639461171151924,2.128497088897023
2.108523574624277,1.975245017989344,1.9909479182501706,2.0665884598979276,2.0527024408630026,2.1560005960470088
2.339998854065195,1.9569364909150455,1.7544933568343908,2.0489514500556316,2.023018459665557,2.278141465652022
2.523370894379573,2.0097152478692086,2.0506440043872716,2.1168346042704695,2.064241389330678,2.274620768426435
2.3627788284080076,2.113233851361456,1.650803982371081,2.2151798362303525,2.1594768676288933,2.3676108905319873
2.1425487924022324,2.207195398465,1.3349261354070197,2.316210713744716,2.239156753153287,2.4941935206065518
2.556876292643029,2.0156428240581743,1.4245776785682092,2.127371377173164,2.0343424212339234,2.50396290057029
3.0355663022624935,2.01954723191597,1.2808521299195916,2.129666450163084,2.040892230389592,2.4971393030307016
3.2372063520829997,2.144956468054115,1.6762799067131442,2.2463559098009376,2.1686169952225467,2.620388159193793
2.771821321355228,2.2327898780664714,2.135308846125131,2.3057375310959802,2.253498381836601,2.419310178240924
2.461295952260345,2.0823837900969218,2.3469619388177594,2.1314716087540955,2.0856116368881663,2.2797122651783894
2.504243050950361,2.021654132264357,3.486206003519353,2.06777947774446,2.016751103962803,2.5039790174752636
2.933025145024315,2.3235789154937674,3.4577589744441006,2.3614575066787507,2.331759156860527,2.7497053933274
2.925323731353302,2.7243494962931027,3.543185165680888,2.7793434674944675,2.7528191769796146,2.9179146122006037
2.4031655798919083,2.914413663755795,3.437561199222289,2.9735605929839433,2.9537235699130355,2.982947459789588
2.2708551328004756,2.794144579601222,3.1712317668673964,2.8514936323685625,2.833455434518488,2.8704554497348242
2.696089335765439,2.5916445516326205,2.9739176781742827,2.649279960427139,2.6289722241679003,2.703022331391259
2.9062087186261465,2.5163577567456503,3.2012479152463236,2.54962193432914,2.5584309414539246,2.7215960122807306
2.709277894504014,2.881756150165596,3.0938729186054292,2.9026411506534644,2.9510639715452407,2.9122600608369593
2.213062358101725,3.085838454401547,2.8075327190818955,3.0990598181783127,3.1653966833868212,3.0801141467606707
2.2006101791988364,2.9458058637668594,2.9488616491820947,2.9329254371825564,3.010511801137244,2.9866754293424576
2.9211702291588537,2.6867037516927974,3.423261872799622,2.647876171073972,2.7237167701116936,2.9346898152044214
3.167251975417029,2.7365717710245523,3.7238356864838753,2.6945687502569715,2.7844364311108585,3.0185832794878293
4.521183473389367,2.846708654996883,3.5994522492950063,2.7876234135667497,2.905842781903586,3.078261178177104
4.231083956139869,2.946585522683012,3.353088703253212,2.886156507371776,3.0111309949963667,3.0569179231856785
3.581939872244888,2.7268265814775576,3.754186519160089,2.6394612058355604,2.764050284618957,2.851778756586108
3.5035732961478327,2.4947275950786727,4.254848573366345,2.389827711200534,2.522841538405274,2.688644560931331
3.536520541109356,2.7489687310002533,4.515526170514175,2.6425233844255622,2.7865208545484257,2.8736218083006393
2.7851301275887863,3.040179178689534,4.605779786120628,2.940865756770942,3.08500891741999,3.0272908134171135
1.1748592950844294,3.7198441542235057,4.137863165590017,3.670825689088212,3.8031279323075484,3.351341567430523
1.718058849926285,3.511208851244494,4.051575433417597,3.4460049776579273,3.583507945356864,3.2088951696753676
2.630085349268052,3.0176604486250804,4.491055109835166,2.9526532647471386,3.0566399090384673,2.8423502639453697
3.0663811563168775,2.9807138309515455,5.050196233532702,2.921801869623856,3.024050070874732,2.912790075355967
2.8909189753866915,3.3084922418996014,4.5456801944176775,3.294681148149924,3.3736332982408506,3.1296816736273247
3.441588884626867,3.089774202036318,3.7069671368139216,3.069791485276069,3.1390374470689517,2.9717368628214373
2.6061889008265116,2.9685984663864398,2.8645534122450376,2.95069916866728,2.988006120405282,2.7424295560551943
1.2309582830144716,3.0770944820349575,3.0229695588801553,3.05563589603092,3.0898026590054983,2.828312933517882
0.8350156961811628,3.192786165154921,2.7914641594042138,3.1897001399458036,3.207885530156583,3.0169743608898356
1.1831449299814611,3.3481031763015157,2.4240942153812446,3.359054801051966,3.3622410922363524,3.1177701731833327
1.0970189246272355,3.285582593148451,2.7194866253961054,3.268414226116678,3.295297549427786,3.061098462955613
1.1270910366933062,3.1994970703638126,3.352314233466387,3.1672472468189157,3.2082480765376276,3.1160211766434736
2.326948924731198,2.144055878208886,3.7647166068388658,2.0558753184545067,2.1427087748450293,2.5734514742512844
3.2596679265942896,1.7837462217209021,4.813092392693036,1.686495820904015,1.7828019786779046,2.4140414932174594
3.776683087027921,1.998635342264255,4.8354866890559745,1.892440875139815,1.9985894910192945,2.5544646405027125
3.362930194039393,2.3315652211636757,4.704545384064351,2.2535003609889825,2.3274367255383708,2.668234592632631
3.0348315898379497,2.2147089678685834,4.321668879831339,2.138621825787478,2.216909834684436,2.6046429854308824
2.5415342950887876,2.4596022796546935,4.6318837240430755,2.3953921409967256,2.46070671682675,2.824153338421253
2.617811916130375,2.6201772487097763,4.591491720882189,2.55411408350819,2.6148826801476908,2.90071913159618
2.8095765951495544,2.431162604208533,4.785011420874238,2.3699897747933476,2.4289878259395983,2.856639982036963
3.2541994669311514,2.4854690929190975,4.289736554545613,2.4442832009831807,2.4832423457258734,2.8301062570906725
3.3836098023650507,2.4617902248689076,4.282634659630148,2.4160266955049616,2.457301992068697,2.8703031108467187
3.609186646215301,2.2863611307058838,4.103648859556751,2.2528856281830376,2.2837640375747217,2.833895394179094
3.8776034970429585,2.088676585795587,3.451603781807626,2.057451462219447,2.0903001044599145,2.6768602010223854
3.7192241882767707,2.6378349775651837,3.097472321661227,2.6362166293120475,2.624917188871328,2.928518473474624
3.6186058866197524,3.122986914263326,2.1913851259536856,3.1442102434617634,3.093223570071799,3.1674385916876497
3.492828316712915,3.5396384547174096,2.0832717877429703,3.575514927318726,3.4898157042777416,3.377035631569191
4.355319450921558,3.4186439684833543,0.9644557425344523,3.447442776428899,3.375527323979467,3.2527228998270186
4.699981798693553,3.3767294215282067,1.7220909644366962,3.4129481824499863,3.322508191192123,3.3432316333171053
4.086368681263242,3.2825257777407257,1.5216359141362814,3.333446981981912,3.2293795785831048,3.2498119314532747
3.661382473646091,3.249524636807941,2.499367611334144,3.3147366199788366,3.192241890696606,3.344890330307125
2.0671523471210485,3.2899316757668084,2.3969894199401782,3.3550842426936542,3.2351931950105546,3.370647903210365
-1.0910071834630442,3.427435220637213,2.753951440409286,3.4891859549638715,3.3636507296443727,3.5751968197783817
-3.5302522175698847,3.8563380260202056,3.3831896561952637,3.959648755053911,3.7894373508905423,3.8401666606287064
-4.248256239008885,4.104801263360724,3.675490494825003,4.202816638168386,4.058781509334403,4.049285656596923
-3.6604538488159477,3.957589474467147,3.9711360065145844,4.043330102640204,3.929470816014567,3.9667923041076385
-4.036113635465655,3.7065460996494064,4.202756136570257,3.7722835087596196,3.688034338489173,3.850752359794396
-2.669738985340264,2.9736730128601954,4.012305746416806,2.9969280900556283,2.957796024417945,3.360092067905755
-0.14264905319201215,1.5503370896375892,3.153675053610959,1.526835784477044,1.5788223361811533,2.518557639013546
2.1412627389982397,0.8465907834418063,2.4655970974160395,0.7834744111548922,0.9707401286044346,2.045713791891348
1.921912221908162,0.6686044391475621,1.0862640343886445,0.5876452190083514,0.8901711868727704,1.7892431381707492
2.0224809637000796,0.6577444512652801,0.1408175429106285,0.5461254411463317,0.9426798329163812,1.7027246424252647
2.542518121238402,0.30695787955912507,-0.6254778130816478,0.16819698782884243,0.732111702978046,1.3585587311017884
2.866921683108492,0.21556778158618262,-0.07377412848121578,0.06717931701562357,0.6753085719975087,1.1990092671127446
3.0621066811427955,-0.04709964196733307,0.04791430233414934,-0.21207308059021054,0.4390239037982341,0.8298579345932703
1.9686809837409225,-0.12154023255337432,0.36848014451800826,-0.28443978607868914,0.34613367357378333,0.752880277650537
2.427514497100569,-0.5111537791745766,0.5913607218757065,-0.6465481597853431,-0.046443385353844846,0.40324193904171696
1.9144862795150264,-0.21039736236253626,0.7974444060920151,-0.3067008453281228,0.17387246043703242,0.5076555985456026
1.809783582535296,-0.14120031749383444,1.4450560433840005,-0.22279073974406294,0.20474116531542386,0.6613426283105359
1.1611289746338294,0.5900117493502727,1.624614265424414,0.5319051412889693,0.8322643471398501,1.0980887862084534
0.7822014515282749,1.7591588739143156,1.0190496633035673,1.7144602995905132,1.651312804148405,1.6841702247032089
0.7817757194315877,2.2729450157122857,0.3722507456794021,2.237337069700548,1.8773198589936182,1.9959287957030754
0.6618329810143209,2.3837064076132073,0.024158803591236608,2.335923074496882,1.8879546763552644,1.8985001841832
0.9185366624525848,2.2185567983231427,0.6138583537010759,2.165235348291669,1.796066052461205,1.76030653021717
0.8760593115831217,2.3978950542651587,0.03443077737057357,2.3409452994699285,1.8609006607077925,1.86575496212933
1.3734718645472377,2.263235364115644,-0.728795419525963,2.2138711768865984,1.7198181773362764,1.7829840833629191
1.6155120719583582,2.1829712011763185,-0.2581668010742369,2.143753840333383,1.7065288243127232,1.8315313043546058
1.9872445710567899,1.7264939052749269,0.17057445676641778,1.671709843951188,1.4714674980872666,1.5680254800150049
2.1975208971241056,1.862198773235092,0.6296029760507919,1.8016876764706578,1.6110000985676105,1.7170807385628015
2.463795188422324,1.7533424560422957,1.1310899488168495,1.6864377478787174,1.5655165059872806,1.6917232848400356
3.0430127594369694,1.6884233044434058,1.3672859331284493,1.6160310143020429,1.4862889880871508,1.577627369749717
3.4553383311284325,1.6236430491171685,0.805092125448256,1.562800963270182,1.370222888678853,1.3680033268463463
3.782371760378034,1.564865499114557,0.7622733513275196,1.499839343014891,1.3612078476034333,1.3274436661113582
3.365379922892986,1.7198566391149912,1.0466708885067544,1.64504972268723,1.425861671681231,1.4902783082832451
3.301358523640241,1.7579747192524648,2.052925378123299,1.6861050032878242,1.4558696753235456,1.765982477044371
3.2088262144785773,1.9778185372373722,2.2101921582277377,1.9161627669083892,1.5624379380139268,1.9836239266723068
2.769070010449326,2.203961329896428,1.834705976874329,2.140826876268499,1.6835560754231853,2.0746471652264056
2.009479038224393,2.58810312321073,1.7947176958680262,2.527996566828486,2.0164468785316294,2.32232029964459
1.6419572899062818,2.830325343140511,1.6294310149864846,2.7646776718614423,2.220863148171092,2.53267685953716
1.6106892943875462,2.8163495108721173,2.4573746995963455,2.7684608387109106,2.2120490127893846,2.701734704982614
1.8106917033914538,2.880803268264226,2.599697227908741,2.8322598034640074,2.3076863218964596,2.7808742969580496
1.8008373320078874,2.9558834484399945,2.322259018312545,2.8884099245991397,2.434668061607525,2.8439929862844746
1.941080477540158,3.0152195769409844,1.6936987818984335,2.9407396391365226,2.5403185012280467,2.7866232383887097
2.082955813487697,2.868574626240799,2.164051924944331,2.791814128901297,2.5087168135396034,2.7744118470690458
1.6552538595605792,2.848295860515182,2.447585194010341,2.7798862011972103,2.5285430171209224,2.779578696486553
1.5730636652764307,2.660397489401415,2.2170917777403685,2.5951756545355344,2.463098193273469,2.6587267143987616
1.0538808450035297,2.7154483758432746,1.7861921047157465,2.647310696274973,2.583701544762465,2.6081910639711703
1.284577491474037,2.6709116965921287,1.646681149080909,2.592480689982492,2.5566279760907085,2.516971946221201
1.4593021057804911,2.5450927365144977,2.011512161421787,2.467646772571115,2.486235557889874,2.4709658845139066
1.7802025617549067,2.28728662679495,2.0929475827007615,2.212913902742968,2.303993999623783,2.3129300937359245
1.7002304756867037,1.9549997251175055,2.4713007763132318,1.8917865383930874,2.0242810877610724,2.07835707368426
1.7270700275877626,1.9056709897676622,2.350539747573905,1.8410053009028207,2.0323740774177455,2.0587453009536967
2.0324896108802726,1.7695690946717344,2.190070094890987,1.7091518487206212,1.9010937678609883,1.8486716287056637
2.1216513865095266,1.858364204517383,2.5157282667493486,1.8123294557197884,1.8965031564590118,1.8349317255437478
1.2310463894310342,1.986803787978219,2.7951912192512514,1.9468598199902611,1.952504636012055,1.9472558743457804
0.471530415582988,2.178132201139153,2.760200679901272,2.131819741479453,2.1105681473067195,2.100840930949407
0.7811329237224829,1.9665285812317401,2.5289198590594237,1.9128529801292729,1.9467581634586841,2.057684347878287
1.1390247100919737,1.9430956649956594,2.439053843746446,1.891687970051621,1.909645729038081,2.018698039865849
0.9798421780919053,1.854539368531586,2.569024224867273,1.8172453361411545,1.8291795638899784,2.0270925467983365
0.4992315931635183,1.9881999600056819,2.1945758290880764,1.9627837547206723,1.9498509149977106,2.034254531641127
0.9885108922709662,1.6894165586939587,2.2486183864018394,1.6632430131956315,1.7169341176965314,1.8389229094216715
1.4485990031547935,1.5023268829924334,2.479559880951835,1.4626105823807483,1.5668336274330628,1.7659355540281643
1.666277930680593,1.594925368284971,2.092100033552127,1.5613386566035692,1.6401367590108267,1.810700871823335
1.6932734757744594,1.7530001812598137,1.8756347790252452,1.7247001266864355,1.709009503992343,1.8010411554355483
1.966877558615554,1.8112083235900875,1.7776405381758749,1.7752807356386746,1.7354783655017592,1.8729445975941685
1.837726347867319,1.6437379041155933,1.6429513362007004,1.606050519602692,1.6402344414111483,1.730062514018577
1.9301794695718577,1.4761338048531853,1.7486083853196728,1.441413950585201,1.5177824456141171,1.6172705765252477
2.0127138276775813,1.3510333990499412,1.628824533744519,1.3262703857800175,1.4161120047620495,1.4165783654521817
1.987453505801362,1.5706872730848669,1.9161691358176869,1.5510958195122742,1.6091202080004186,1.487622460259442
1.81205264373121,1.7310680750949878,1.866439071718954,1.721966951468922,1.7191365508091228,1.5775246043067457
1.6639486995218,1.7788158041286568,2.1438972929846924,1.7635586148437816,1.7229098940540633,1.5374891268062933
1.4564268748503917,1.5250506213573383,2.7718491000150163,1.4942025615138568,1.4786440728917611,1.5041734619637719
1.3087994705979433,1.768960205515652,2.744649726876579,1.7478580018569143,1.7320857066694242,1.7283446532729665
0.9321100917431213,1.9971549718965538,2.8444402720301,1.9984661234811214,1.92180547387607,1.8708783845118206
0.5185429492817306,2.0785160852068456,2.9778486241394964,2.0846046309211834,2.008105054360687,1.9157741801035464
-0.08420590173539022,2.016886380870475,2.6041213266293077,2.033818673303798,1.9693677059973764,1.7939462155206012
-1.239035087719298,2.0688705786500314,2.708632492231843,2.0857896558543234,2.038515312531877,1.9401513081680943
-0.8573021487391808,1.928354240443284,3.11865462907517,1.9460310577955908,1.9391797933628536,1.9288537332760742
-0.69397519951786,1.9041061011211713,3.1442013380848155,1.9111917679611161,1.9551948288917265,1.9723006137932242
-0.6045220440515475,1.7786394518745068,3.559589657792535,1.7873217692295882,1.870300081433346,2.079364903922316
-0.010965413259023116,1.5916392166525577,3.242280671057552,1.5972460892704816,1.764135858121749,1.8578220693422152
0.7563409944144617,1.2616398016952854,3.3731843673292388,1.2459757394922255,1.5965658830165679,1.6212634855643544
1.870138467479432,0.7084685613961818,4.149776605426346,0.6967244906468021,1.217259486983918,1.3807951542812118
1.532897635482433,0.7742767280571647,3.5734628410022533,0.7749446015032505,1.3059744805218214,1.2463976689172593
1.086737405391558,0.7738799820968782,3.359373130997418,0.7753799679988498,1.2260501323657267,1.1776353326964257
1.062494847815909,0.6476525005942219,3.27881644422536,0.6496940416265437,1.1442374413415226,1.1058845339445686
0.8060020652660871,0.7186958261659898,3.786662660252911,0.7066558720692389,1.1598255361322436,1.0629436916343968
0.3119783257163,0.78556924361985,3.787801037759182,0.7641578521194935,1.2250961214910845,1.0954898272071345
0.35890288670876735,0.7685500690170395,2.925483725615031,0.7634265475929726,1.2248997889587163,1.0458669828054987
0.2860292041283241,0.7922343566465,2.7054597527787,0.7938443124436267,1.3004515719858882,1.0614021211063043
0.5777976250147976,0.6768644333039511,3.3430366288696325,0.6998803461173441,1.2199829571670866,1.0291853857344155
1.153457182685358,0.70593854688739,2.949893613162511,0.7295395190960896,1.219553378032041,0.947109197998026
1.2596705197050806,0.8478682436634803,2.6948933647073146,0.8592581348399599,1.314948261195874,1.0618376987994742
1.675865712151836,0.9603429349344619,2.749326936495125,0.9920520932805299,1.4004946744062121,1.0997076456709174
1.5585218593147765,1.443256710284268,1.808319245254397,1.4729720904754189,1.7838092024109091,1.371495854012195
1.9993450734972829,1.2702188191460873,2.0744544007038868,1.2923918646244434,1.692201470468283,1.47328687335993
2.1645887099705607,1.205932467296193,1.5530049786653293,1.2180915694043857,1.6494566700209048,1.26755795722693
1.9585107346680175,1.438489451385073,1.330607723532984,1.4441585868249394,1.7851792518621985,1.3666923920435912
1.7637162858848754,1.3767729137864695,1.2465326996751944,1.3896172579805999,1.7073850265342214,1.4021956740404484
1.8534241378687533,1.3455848344946735,1.201596359116878,1.3431099325268843,1.6263912647019432,1.3500927359186365
2.4884285366272074,1.3166662175324861,1.5554018568651695,1.302332638468498,1.6089070880921543,1.2326073490867449
2.3307965956680388,1.4718753521902261,2.161049020762078,1.4552554902192125,1.7144718186505532,1.3651882806087534
1.4707601024857464,1.6659758211135802,1.4088548746679599,1.6318908460745178,1.8094472826408619,1.38161528362773
1.4909707457545274,1.8229661835157562,1.5780478541138274,1.783866221154454,1.8903035262945722,1.4903601820582673
1.2533957341509971,1.7870307013899343,1.155039100253236,1.7538370939474603,1.8282435115774818,1.4342816914981702
0.9701091820297325,2.0002357337279033,1.5107979366487032,1.9550495099587113,1.8502643454008818,1.6640530944612286
0.31725662139518995,2.2194296614464086,1.4298738836357996,2.19065434866421,1.9028775709020014,1.788197466861955
0.5341452340891895,2.3403487697153658,0.6747851612417367,2.3240723857847208,1.9212940626207204,1.8197888185438023
1.8277065317305219,2.0486798032217184,1.2170319357328168,2.0354384524689637,1.7022208050915673,1.7417476736727304
1.6758383644102093,1.970305219971239,1.3628863267370543,1.9486068184196987,1.6697742515211995,1.7404501371202734
2.2791261270893592,1.7882368246221056,1.38267130594131,1.7625387288832122,1.6294906457714105,1.5476114930190308
2.4189095313585707,1.7047879264641952,1.6430433810316312,1.701675174007806,1.64627440764023,1.5179229285439164
