BMA,BMA2,DFM2,LAS,LAS2,RDF,RDF2,RDG,RDG2,REAL,DFM,ARM,OLS,MAG,MAG2,RWM,ESMB
2.3067301969900496,1.5827276412618052,2.3036834877566776,2.0295975589368984,2.0379198095311053,1.8337127478452584,1.9606992505648455,2.130194868476301,1.884876137890945,2.492745815835562,2.255609744008147,2.0355116400150517,2.257142513758245,2.074411208623139,2.035322087033516,1.7487679639708475,2.0317937904441887
1.135271499416674,2.04712686904681,2.431191068521152,2.135027474694807,2.0926408056482955,1.8363859730127947,1.930877396560802,2.1818686916668155,1.963336299779875,3.4055462452140084,2.36936730331025,2.1137298526180097,2.9428744192183065,2.1581963055426643,2.124225615198746,1.8381030434213677,2.0866815078438243
1.9951351509293125,2.1987046066105975,2.7162456895026104,2.23301904620988,2.080632033889278,1.837926462439448,1.8900996846801303,2.4182796776268143,1.9581764430620137,4.12929677490208,2.619244389527584,2.2380601246848553,2.3084237148622297,2.296004943524641,2.2644044159809917,1.9821497729414423,2.2024337437647885
2.8721237652198437,2.494780015636379,2.9221251395670795,2.2129049498835327,2.2477706885937807,1.840854208905456,2.0690303376285057,2.579348893322303,2.018007041492601,2.598982795123206,2.8154477198998524,2.332326696575125,3.035823936420401,2.3880251615916253,2.3628314859702693,2.09060471744388,2.4188003172100423
2.209456160348964,2.5349227045607248,3.581455962329407,2.3881188790028354,2.526946268046152,1.8512965408283069,2.34589209442214,3.061534077381822,2.5687714480863137,1.6447328522045446,3.538265472794776,2.6376111621772735,4.386727780462074,2.715133451327483,2.696749077656735,2.441304376823314,2.765612363749888
2.898100802613637,0.07755432155881725,3.815702603161856,2.6126050740655793,2.9315319004744564,1.9056693117668704,2.954017667664256,3.292537647596563,2.888921051691532,1.2512530647245337,3.733063131826178,2.959986913337768,2.539212978540685,3.040113464545776,3.0370390406839247,2.811797594125228,2.7665235669102084
2.2557672184645106,3.1500288042688545,3.1434958802753905,2.4068259618427423,2.4354575110192873,1.8680373099795309,2.6410173127525116,2.921299150270031,2.747550990946416,2.5918762088974923,3.0405058717191613,2.468618544298457,4.4592751973595925,2.5236415592183365,2.505324294743225,2.2443082488964423,2.720743590403632
2.4892198635944474,2.914096383969066,3.046101126557158,2.3532631466605767,2.4070866519541436,1.8671592826779255,2.5546838497044204,2.866394017603029,2.553375015901516,2.2178198685735673,2.9509148612749305,2.498186754787342,2.830459634527829,2.552772865372733,2.5353873311875192,2.2800278163689596,2.5799419068094394
2.7368298785088907,2.135297050814013,3.281375024392767,2.4508476679129862,2.6292368803798896,1.864131525657644,2.4220383649521016,3.01090342303541,2.4751157719679724,2.63918320169525,3.1957694627606994,2.766415185683132,2.0296133861882657,2.8298659277887896,2.8245820252356553,2.591486493030507,2.6162338712205813
2.038225734256765,2.247197460163136,3.215024293450026,2.5323677498118475,2.482875405136392,1.866378643261156,2.4221906377909206,2.9850063812883976,2.4710049145523407,2.219659844335542,3.1318175696335313,2.7457427506055128,2.646658623608474,2.7883335144638757,2.79378893192974,2.567945924666694,2.595637235641253
2.4999366275270427,2.350823242827479,2.9460777287211384,2.4292651523718076,2.466248922245699,3.1000380560098564,2.7802145373807696,2.837074729694564,2.31921329725752,2.8206575928306776,2.87571744637217,2.5746279001249897,3.507487049268975,2.6024264884061457,2.6042640475446204,2.371219955363872,2.6843090120744435
2.4184101731912806,2.4075474567310486,3.0800540612779845,2.4711479790044772,2.5378179993874457,3.104707308525873,2.74160814934014,3.0115603866088145,2.4591745194272723,1.5980096646093678,3.0102204543140467,2.6487663720137964,4.143496102326592,2.6929760685827615,2.689288530464652,2.457255323464948,2.7916020589774084
2.216412077315993,1.8140290862406865,3.0221537235921163,2.47578060222491,2.4299217257384065,3.099102132608044,2.70101200703981,2.9439168014521067,2.370157486876888,2.833321388470811,2.9586119940274647,2.6269300172232337,4.150061336983796,2.6561873771625724,2.6614977723191733,2.4329359975958944,2.7039140092267395
2.645194671232838,2.6904485742725095,3.0522591087708064,2.506983196466138,2.4823950360412086,3.0581139887594366,2.6545529646724866,3.0085828033493978,2.5147839792969933,2.8343075271383356,2.990786741233655,2.66810143385209,3.738629326891234,2.6909787839792134,2.6964647906246846,2.4805876409974705,2.791924202696011
2.6036438296620026,1.5975330690079128,2.883239028533224,2.507365308548166,2.342718596234074,1.8840409826985975,2.4352962040412853,2.976050494880289,2.5849968528394105,2.330291405561269,2.8266506163415603,2.560419824772768,4.995686817542205,2.575821216119245,2.5816965938860887,2.3578527705456587,2.647534147043499
2.651884888062692,2.749088416735842,2.953803316017817,2.6393658085640372,2.4544579828345507,2.8799896808867285,3.0484297701973664,3.036024329610074,2.6933737185862423,1.2952046589412625,2.8995536326652154,2.7005607281784427,4.198013124206883,2.7123337159547356,2.7333335556710825,2.519650519010777,2.857990879145499
2.0733619202300995,2.4756766368887937,2.5240333928515217,2.573058895279338,2.3416703446524645,3.1402194567774218,2.9087124837246083,2.795147985917948,2.448771858462365,1.8478157869799008,2.529564977088694,2.540424149693294,2.5198740852565904,2.5483718799622648,2.560548304305426,2.3351624551512256,2.5543065884161367
2.3886365447554696,1.9853935349627327,2.1552042109185625,2.5736719294146604,2.2026334200916495,3.066133695885037,2.5500134512991077,2.5456931085936385,2.3477988383554687,2.591587999099776,2.167099272806702,2.1654541324758094,3.704544844657715,2.18141944420154,2.1662592545061803,1.9033855286313073,2.4068894141037056
2.9450424705322313,2.027679201533368,2.4325503989686297,2.6231027183161673,2.3566583399855467,2.9507916053052052,2.4089720857209502,2.522125188922895,2.167115541555094,1.7260947696963846,2.4291896032225213,2.408522923815144,2.5821034116754493,2.418479457822829,2.4233443749315153,2.1856150709682245,2.4587528262183844
2.0285406888914452,3.4136901891685776,2.6591425395760693,2.7180892862696164,2.609965931577886,2.678211248645853,2.374423051056783,2.650336888754284,2.2078322957371324,0.6225387318131936,2.6389738085135974,2.5791360857860917,2.2114022202692496,2.605174447696106,2.6106730426576465,2.383413445913863,2.55793367803428
2.5218510490336605,3.522924556543029,2.4977574236328235,2.854577203886034,2.6159353093439535,2.506190112380289,2.209618790934041,2.675845517591138,2.3647031954505704,-1.4310259608821596,2.4888118708036435,2.456402796846523,3.1792573135892184,2.4799297966067746,2.4772661006574057,2.241931388724641,2.6062001617349164
2.870595080929059,3.2231966197635384,2.187710040856298,2.72892979055905,2.4988172649649476,2.5206650561596566,1.9963128941001784,2.5116549340833365,2.305822676047905,0.1365525197471129,2.2023904588296523,2.215069119210812,3.7125068481739936,2.24614371049748,2.2236371129845742,1.965205872460503,2.4939104986413985
2.685102822654861,2.2995004416146716,2.195197268996402,2.768187202753032,2.540780603304073,1.8811529085417265,1.914376850684147,2.519339114820723,2.2365409084242014,-0.11772184682028453,2.208217097809394,2.220228990358639,3.579848577207465,2.256573069669808,2.2307028219112146,1.973992509616895,2.367316079224484
1.7791537283241927,1.692902595239612,1.4959320057389085,2.4023038796115364,1.9869800041515364,1.8211320605706711,1.8932255671694245,2.1333151829073222,1.725784506160582,0.7700484232904259,1.5273815808461455,1.5377951807353611,2.2980848233667097,1.5539735732639106,1.49188101184689,1.195867014939358,1.7690475143248106
2.241576303694176,2.279140038557264,1.5661920335778547,2.42638821494747,2.050612088297036,1.8159563702365489,1.88121834566408,1.915678780788714,1.5841690013351233,-0.4001035562145372,1.6332892371588112,1.731156259443489,1.6997910573585349,1.7362421417440477,1.6993983220904187,1.422218310681084,1.8455351003716431
1.675126765012352,2.499844358913314,1.2833765268740156,2.2735896727645057,2.0329566705669913,1.7989423805352416,1.8629574683106975,1.659798387224301,1.440186317691348,0.5369696541491109,1.39169254250595,1.5456265794835786,1.9653241510773825,1.531085548565572,1.4972538259078625,1.2144476208951671,1.7114805877552188
1.5190885969368826,1.1515288030918878,0.9974015715455464,2.1890564391114977,1.9997911901960217,1.793875885553251,1.8582565869366527,1.4362868752820548,1.3350125642158643,2.0699491942994364,1.1444384839140929,1.337095864774179,2.2444578247197997,1.3194744520573958,1.2760510863558645,0.9784330577062194,1.5053499521598142
2.4690600746380547,1.6025301304938624,0.6203304499116311,2.0119270967076184,1.7650609489474534,1.7730975770858886,1.9269264241945825,1.1767285982503275,1.1787567082633124,3.5197248300802286,0.8068241158623808,0.9995292908413168,2.2463008649285268,0.9869144575040292,0.9155886602299836,0.5988510760978437,1.4052284315971209
2.024633599708436,2.301191717588389,0.6475521243850331,1.9778388994038236,1.7562552341263626,1.7665667045848272,1.8759292333953268,1.1987555978794218,1.1480428439384016,3.1704592226730277,0.8371766021145242,1.0243803576472863,2.2512492025099515,1.010914614841696,0.9410236162031432,0.6309395230795835,1.4261633247604137
1.1582808110158838,0.46610815253093146,1.0126941651488552,1.9170000624170245,1.859740187778784,1.768298378950115,1.7918302679810412,1.3018677548277091,1.1912971949057678,2.5612158739093616,1.1311518165537855,1.2704413043428655,1.4257169667071354,1.2627988142908024,1.207395449174243,0.9102518697815934,1.3116582130937693
1.461173601117972,1.742718437427984,1.3580129717835658,2.0137190237909084,1.9278297157810915,1.7803425499668786,1.8163776692067528,1.511578599644747,1.346389097240632,1.66277440448388,1.4043410155668976,1.4984248049655893,1.5033328424780217,1.4992922193631468,1.454706047654666,1.1636325337366755,1.5654580753150351
1.7998386873192571,0.9533390201154124,1.2303302914288303,1.851772115462863,1.8821580174533912,1.7850845400237163,1.995135786280675,1.4451885624020888,1.4551113101254851,2.109463416910718,1.2499881317513464,1.3394965578138875,2.0610421583356637,1.3299211179394397,1.2846685113506882,0.975422866653582,1.5092331782970885
1.6286861405571065,1.4761316067519463,1.1984915260238462,1.7308399727357806,1.872055669084532,1.7920797819954664,1.954862842628716,1.2667703415416365,1.456292324727926,2.28390314386262,1.2057742582948352,1.2910501495448925,2.09905743862286,1.2874958910862886,1.2367752062477504,0.916652613196244,1.4942010508693218
1.2799788237899046,1.3964723718125478,1.4480236499020336,1.716172144730321,1.926894185445343,1.7909911060716557,1.8241216489017231,1.4043343287891643,1.3950755128771533,2.200102330340936,1.4521561993776626,1.4998141416371336,1.3432594305913843,1.5035326604571666,1.4609240904102645,1.156878174918419,1.5065752313141252
1.592717375898392,1.8955628409570568,1.6361044502633302,1.7129391143281127,1.880899885277624,1.7888102028539938,1.8264228186977975,1.5006806057247006,1.5206775922766202,1.8291338308515923,1.636539930566859,1.6749188744734396,1.9304227847638016,1.6872469730824555,1.650427044891413,1.356914128635337,1.6860856415127292
1.612711935558165,2.7024035806168145,2.0352646310323124,1.9882816482042165,2.0875359824821933,1.7908163177576533,1.8277219105370832,1.5446859901300591,1.620259850902022,1.469156972702379,2.031609574698468,2.116788727013862,1.8731776816609151,2.125418606306965,2.1248549867058872,1.86383783110493,1.9563579503141029
1.672012622119682,1.5915129054427577,1.9720187960368432,1.9062209439039528,2.0734626193863126,1.7917102732049983,1.8308994400851104,1.7448281272228494,1.5616501739338309,1.7763591576171578,1.970722289614228,1.9629195753532545,2.754578887741582,1.98634392327307,1.9614716742089775,1.6858720540325571,1.897748287037334
2.5266171448835766,1.7107957456595977,2.176968560140434,2.0006021098767484,2.002296761497653,1.792141287673378,1.9567371980082515,1.9419276569498696,1.5331503458077218,3.0223557275720125,2.1785639441479923,2.110587557189898,1.673321356760224,2.162111914313089,2.1256937161394123,1.8563546547582743,1.9831913302537414
2.336183118514457,1.9110297833509344,2.393653706897956,2.0271187214772195,1.9897942146116403,1.800626406819465,2.1411861508330308,2.0997307955097053,1.620280726713226,3.675613275613277,2.3961277398955274,2.2720701669441357,0.5877782402478778,2.325518837744921,2.298417504027098,2.043823805140872,2.0162226612485377
1.934283396701183,1.4180766367924924,2.647126855913225,1.90615705584728,1.9577575030110408,1.80363774958498,2.0557662069239395,2.335288392686964,1.7525483502438453,1.925091821813929,2.6504148276020034,2.442062217400232,0.038127005733725405,2.5005046427112565,2.4827971331541323,2.2404027817218575,2.0109967170685437
2.4044849189403994,2.438854944585437,2.9866913977637677,2.078088013804867,1.9437734386565515,1.813843710121818,2.6505214823072287,2.5267333682319406,1.8649380318406712,-0.17888062011950367,2.989268296673122,2.6596602467437314,0.398551638836963,2.731336642805474,2.7208556522978324,2.490473658219777,2.3132050294553053
2.5141348218549013,2.3278748664660194,2.989472686373657,2.05525310548998,2.0864686908358756,1.822279238943788,2.552314911985534,2.4500155127740637,1.9596601336091937,-0.713787305109781,2.990981013172293,2.631676939531994,1.3711417923752616,2.683298560892706,2.685594669961701,2.457207714475026,2.3718249772494664
2.2587516393923575,0.9596032397180816,2.2931117987308296,1.835104426623145,1.9889189532256837,1.8164076835342224,2.341573195056997,2.0812583842608325,1.6842275336478765,1.058770954841748,2.296654637371057,2.0963372236058806,2.0530759640892904,2.1412805914152933,2.1112425183522796,1.8409004778225213,1.9865632177897568
2.566268168049027,1.3064503706632242,2.011999250943934,1.9307080585005565,2.1490096123664997,1.808535021306781,2.0578819172794613,2.070599984519528,1.5543962494345007,2.7899506711024813,2.0170232867203026,1.915282548005541,2.7183207582145337,1.9519519803875267,1.9134966387733816,1.635863617297696,1.9738524974974996
1.4283077634659478,2.0422031684895012,1.93887889608198,1.9661494254537064,2.1764696911731245,1.8009924773832202,2.087491669123047,2.1547902988126824,1.4723395122688772,3.48822551996788,1.9457630176695335,1.8901311660661833,2.247093400616208,1.927269930678058,1.8865842762274876,1.6112862704938076,1.905050064266891
2.2572022009875052,0.2727638805275799,1.981530752975176,2.0474733016531843,2.2104748157467156,1.799017244441922,1.9056625299693,2.167404465418782,1.5412687312756643,2.2673767456744542,1.989382237592523,1.943635203492665,2.5225542296274086,1.9773706029660985,1.9435245090106863,1.674921613162016,1.882279087923148
1.6430046988202702,0.16321847378006166,2.102520953872358,2.121379038581721,2.1387872741677207,1.8038618057605775,1.832074246939672,2.269867123947488,1.5190921897818943,1.4172116019959269,2.1118029829003695,2.055569348562706,1.7178115604394368,2.0980042134964543,2.065389452050161,1.8026262239410027,1.8296673058027932
2.4255335417662325,1.5877647640810977,2.214229996634829,2.1300195519624068,2.2448395092908098,1.8109050912645872,1.8379984902780433,2.4111226532105907,1.751039979689525,1.1814691113989362,2.222598973743325,2.159396515762914,1.3477111412441207,2.214244153143249,2.1804909998929634,1.9200467844713252,2.030529476429068
2.779485751998102,1.883799644814615,2.004648027321816,2.213919509160559,2.5190839250010044,1.8095042467786209,1.8393411660399488,2.3952587886205867,1.823892551543559,2.7636991749812267,2.0093052761531696,1.9672814186267664,1.3239707931926097,2.031514300270493,1.976276297632417,1.6988867328360862,2.0184112286660234
3.112728702408051,1.265663442019742,2.0082386177583476,2.208184515845495,2.5125642316894887,1.8113172162107125,1.9172907795540428,2.378706447629893,1.853386464445524,3.2966658720157582,2.014349415656183,1.9688220746429952,1.2026240275572375,2.0323432318167916,1.979678636360796,1.7021619572513516,1.9978706507231103
2.851149729617583,1.9687590659049372,2.129096245532594,2.3360260414121115,2.4892780184120085,1.8054748778076168,1.837775473549303,2.4815662738127906,1.9073451587969172,3.0944883673515555,2.13714231496698,2.092150956167926,1.355296389815227,2.1510501746122306,2.110342770347737,1.84593122258114,2.0998923142224735
2.2671927177657136,0.46506491223351526,2.214531116491586,2.4889810113364965,2.440383885448298,1.8100459795202724,1.8422058370660508,2.3402267741870175,1.8476464387729463,2.3339277249847967,2.2208387320881258,2.182212870621668,2.2193447881863144,2.220821023018805,2.199747528250244,1.9488522038055665,2.047206387919508
1.9716254755184317,1.7489789788437835,2.040064088011051,2.384879456050871,2.4505475459606534,1.8203355068009484,1.8465470653770495,2.2171863303985324,1.9161110579197325,2.7517874232956707,2.0385863069475185,2.0326005340083437,2.741633138610159,2.062193306041997,2.038176564786028,1.7750768513727249,2.0723028137765214
2.060866795866898,2.295517053475718,1.9689100739619252,2.545046700298217,2.728358252358945,1.825611614962965,1.851925115674626,2.4192195322303167,2.1940816931964,3.353977228023286,1.9629912438882091,1.9740825982242751,3.979937920679853,2.0275852471730107,1.9817733562019504,1.7066205061696065,2.234835180290861
3.269133523884835,2.6129132448885466,2.293819944821704,2.806809870430989,2.892736989073228,1.8283575907496137,1.8540105196211576,2.6695443610683145,2.3681770743471175,3.1910954523523216,2.2962567838146315,2.279347383055125,3.738669516007117,2.340264026144612,2.3093407818915255,2.058722017797222,2.507873575173049
2.779433365431859,2.2002945286743407,2.7308764184504732,2.96775887629744,2.832865934446481,1.8322420973093685,1.8990792031449693,2.8214094193003416,2.4511889125554323,2.1559725359515447,2.739890937075281,2.6853804449238687,2.7806407536513045,2.762923511573844,2.749445816997821,2.5264800825291536,2.5839940201574647
3.2299036410477715,2.5799478687158626,2.934534834567024,2.9493211398021284,2.743606651997528,1.83469590866521,1.9044078428040585,2.897087060050915,2.515572404746091,1.6407512679038838,2.9461248064992747,2.879072721116869,2.4358365883680233,2.952078013540139,2.953542102114959,2.749071542650931,2.700320208445786
3.239510430696736,2.529294619412777,2.812770161030009,3.038553119347191,2.71326280062215,1.8441054818681188,1.8642087333604616,2.79071488232872,2.3723576180942807,2.653783645390373,2.823260113788666,2.7578250671400544,2.3854512503493677,2.8288998733324022,2.822271411661395,2.60873247859069,2.628747869441534
3.0559842126419867,2.007538298105281,2.599700075884568,2.9037943860957256,2.8230492873762536,1.8449013909331051,1.8659801568760008,2.6319318682201747,2.2459954108891944,3.6748676424789295,2.6097437203902647,2.5500446671793005,2.60060244283172,2.609997711201767,2.5967624664468674,2.36952174912717,2.487703189613292
2.6875163016272308,2.541908965359309,2.519459012959023,2.8967424470146774,2.906727335422296,1.8444264449445968,1.8654804607795743,2.654594351777409,2.2697645811642477,3.152648113406542,2.5311230338197417,2.4694883965112613,3.3124728689755543,2.522078160960073,2.508089089608816,2.277677038189016,2.5205032326075214
2.8890883150889635,1.8114227057193533,2.9244916929240983,2.976604711397034,2.796332205664389,1.8477817733646376,1.9929295200923025,2.861646986722176,2.3375320678880844,1.8754837996239893,2.937840907416933,2.839155875607693,3.2276614195886713,2.8903565048645428,2.8995005967859204,2.7046560439863563,2.662466755140744
2.891885952070803,2.55733369358348,3.1578337544613557,2.9589076529594256,2.7561554821352794,1.9005020848615235,2.0836596383467945,3.041338895756206,2.4534082706882887,1.7016774307315965,3.168364742211176,3.04863406553805,2.7055856992120577,3.09104004275028,3.1148036335457645,2.9460409783291164,2.791699639096641
2.8768110826877105,2.805140820278149,3.0053417878126356,2.8647758855639243,2.7200041246824975,1.8666154988453911,1.9633689973733797,2.9531448520970187,2.3592929533734157,2.638969964644833,3.0166301675699203,2.9089775167081413,2.6671527994935973,2.9470625601379643,2.9662242698364527,2.7846554097048104,2.713679915077667
2.506353845428118,3.024186119955864,2.690291307417595,2.782753713261921,2.9237601216017,1.865335384224976,1.9282227665876184,2.8787808504203065,2.4990191212977,3.526537081471393,2.702463297412407,2.6448873126927706,3.562270965692412,2.68837664044553,2.687542422423361,2.480546059553026,2.657652661894354
2.942254436951103,2.292361494487604,2.737251985627484,2.810480920389803,2.932819249664961,1.864884099246684,1.9238361803918511,2.9539906715627486,2.5172284750933396,2.7129060579455633,2.7519847432818856,2.6924644101029305,3.857901240780115,2.7364133674035815,2.737228815402063,2.536445356195419,2.6858363631054383
2.5307216366709504,2.0948722530740613,2.855298256688108,2.8889155326706333,2.9268147206338853,1.8679037592315544,2.041336574649163,3.019332191902367,2.529585896815102,1.7507002801120386,2.870173234068911,2.8029154765295043,3.969347571862164,2.847985966070887,2.853729931341376,2.664320900784837,2.717550260199567
3.0604175536925005,2.629451108491053,2.976202337312619,2.8640891820305665,2.8628243829464814,1.8753728237409568,2.130045123340745,3.015063096802351,2.5231909180102945,2.2955648900769177,2.9890263081956827,2.9067206668824777,3.58823327010123,2.9496833454496203,2.9642414873562304,2.783856046849125,2.807894510080129
2.4983252597434187,2.908195479483784,2.731384708667985,2.591029302201982,2.5569638621722843,1.882536823514505,1.9357565592683812,2.848913558750905,2.2877203876043173,3.597200723800409,2.7438728460082418,2.6853476630860107,4.155457717860632,2.698734072378744,2.713989159220133,2.5285389127585876,2.651117754181328
2.3037298639464767,1.9809870614686176,2.482530000737079,2.5257185975519776,2.490515139851472,1.8798133271508024,1.9404284524294784,2.6880996164116304,2.175914920201201,7.259891929579876,2.4951153189287756,2.448880612903388,5.073957954597164,2.458009230411302,2.4617489323652726,2.256583308697116,2.51080215584345
2.080186610263703,3.197802959965942,2.744395532585281,2.4853280625910052,2.4287717883247724,1.8811617077258704,1.942190290883959,2.8628604438818734,2.279204637599008,6.13141536759203,2.7593612591252468,2.70533291325329,5.0297335813782755,2.7177032673331185,2.7353250601424346,2.5531758332861925,2.6935022632226646
2.6694003615618493,2.37065010361063,3.0556416669474715,2.6130986709008717,2.5594945028701583,1.886880853495242,2.221939309281967,3.01630356591919,2.3439607425676248,3.534889750764325,3.0695772375383377,3.0022553517299557,4.814824922471112,3.0220981862271254,3.052296497392488,2.8955634921556235,2.8395990309779764
2.256486570972418,1.9339856246223468,3.839484370432105,2.8137297090216795,2.7823986878205003,3.4301793487355012,2.7381591766046465,3.3695933204302566,2.592824843651567,-0.2482398510560646,3.840586383280767,3.698484005691229,3.74316429673729,3.723879548832443,3.789327166918981,3.698251312240904,3.216702291066176
2.071281286448637,2.216400610449988,3.6189290812817463,2.8423792380968473,2.838884382527582,3.0959659934358377,2.749671053631639,3.2700493194858953,2.6793764308170305,0.927409876701546,3.624593767686585,3.4908910303417615,4.436958513120096,3.500282953200093,3.5604537126360327,3.4570665692066824,3.1635455961577637
2.171447847932455,2.3809825979688735,3.0517200456036324,2.746218236913737,2.621170736738888,2.4872775005477132,2.614245215877134,2.9217416711989537,2.4224849673076,2.0175410415395056,3.058136914769377,2.9899288993973774,5.545187762008991,2.9796993362238156,3.022767230228738,2.8766844796683664,2.92597956282571
2.750406905241441,2.6327729958768553,2.973140990200462,2.6708029968585096,2.476029233881446,2.3377783665014498,2.296573557999454,2.9254291197599325,2.46739430031192,2.5995717344753366,2.9804110940106496,2.9430658403034045,6.1119062040083225,2.938666318819289,2.9766489028420025,2.8235299992696783,2.9536371217256545
2.571748340796127,2.1808050257212903,3.2894069652167777,2.8232465725524274,2.5948611781650905,2.334312020924338,2.282020900024323,3.094854201510839,2.424990090720163,2.5029047766253143,3.3006582621235645,3.269173591530536,4.486709326225863,3.2650287656438075,3.322024663040766,3.2022472458030853,2.9628058099999333
2.718582216025426,2.5242771874767502,3.055475262133577,2.7575932395611873,2.5419441457479603,2.280599975430313,2.284424075982249,2.95257471281417,2.283013510547572,3.2263563909133097,3.0676147795277733,3.0458875428447074,4.059869359543924,3.036689994198106,3.083151979563973,2.944281143057875,2.8423986082970374
1.8901683856560032,2.6525583840687506,2.9313593289575066,2.6121536577390554,2.4775488365975025,2.2444455733246347,2.204244572450761,2.7651927236816287,2.1244001582384695,3.5103768868275154,2.9425064398907965,2.926949968236332,3.1529159689699404,2.9074544814777816,2.9527833155451293,2.8069432163015935,2.6394416674090593
2.672615279826116,1.2727101115107875,3.041691647481672,2.6098284161840275,2.4742857370115723,2.2849171682228646,2.162912432939735,2.856280992051753,2.0690999495069313,3.2585436132121615,3.0548075249935565,3.0390076709871696,3.1967637722454643,3.0253677940847603,3.0701822029434553,2.937125837873637,2.6511731025242335
2.700936620245216,2.234619529506546,3.1658358379166085,2.840885751928989,2.721924035950921,2.6049053801952393,2.294069219356366,3.0230818282812706,2.2306767530202385,3.6275618598653914,3.179428279115605,3.1575346276850476,2.8062167291498863,3.1616348328616617,3.2025332555544277,3.074458086296128,2.8265827178042775
2.903801568789216,2.231028452089148,3.324553284216008,2.9504949198937127,2.7468486083241666,2.730297295411125,2.29248211896095,3.115712693301462,2.2752578260433065,1.6871941960520331,3.3381986649315047,3.3160730368169733,2.130367409209892,3.322873616820709,3.3704874579755675,3.257997708245315,2.8870983107352703
2.49588341582248,1.819248966081759,3.258980088152249,2.955991949669777,2.686278284794219,2.692943922338322,2.336127675351287,3.0593715615346775,2.2757072392485385,-0.7901898767430193,3.2728519780516407,3.2538327798656557,2.5755357280355815,3.259208395456685,3.3038341301686764,3.1860163846522616,2.8287874999482545
2.986647413003088,2.2301484321214695,3.1705054806273067,2.998039188591727,2.6829262221882546,2.5727156312243964,2.173129334956833,3.1122291880910744,2.515575584550108,-1.9399373605538897,3.1834121247330565,3.1666828132745217,3.6613818072352298,3.1700532313261327,3.20993598246179,3.0850495238419833,2.9278954638817978
2.552424634746166,1.9966867847098289,2.09803726562935,2.7947372965582775,2.5457950772480027,2.163659448705377,1.9342451469291613,2.566634627696527,2.301646040921747,0.6762432795698992,2.091520227614414,2.0935142083818947,4.867737920469984,2.089753075224747,2.078126323140568,1.843087832636599,2.4011737273741764
2.381872461321494,2.0413012275408784,1.746798486173244,2.624298132643538,2.424368391543286,2.0401526810068815,1.970537771933479,2.387910135118289,2.16616894914416,2.990134661346122,1.7242106721597072,1.7237009813015078,5.629204979727574,1.7300619374015418,1.6908736948746723,1.417594885136869,2.246603692468475
2.1200561445024424,2.020000310657457,1.9449438172435063,2.580952787207624,2.4677480396355245,1.9938343584506208,1.959115466102907,2.499445358673202,2.10307352576579,4.214559386973171,1.936079923816508,1.9360690026528915,4.820171743361011,1.9510747866929885,1.9188822665768983,1.6668846379393862,2.2612221446185834
2.1867937453457165,2.282520009603176,2.265785489066357,2.642843584333571,2.578700275580059,1.9869936393067764,1.9944301098540145,2.6077824118288855,2.1485604664124027,3.970941264034078,2.271274547932029,2.274797539857754,4.258778288952009,2.2913801531900377,2.2791501207470812,2.060625385305014,2.408694384487659
2.4366068189977717,2.0199721806524433,2.1732946226805523,2.734299011995105,2.4122267895797695,1.959924649857745,1.9171875572028043,2.545445704609836,2.183310109333745,3.5030149755980844,2.1657092887660494,2.164246188789275,3.879477228737268,2.187299065699003,2.164727766236113,1.931507539398599,2.3250156348357387
2.9489889309680306,2.66540254029736,2.42337083225967,2.9623461140322256,2.569496042891557,2.1198743556741952,2.0086174190672863,2.758065397836673,2.393812655364837,3.303994583615477,2.423358346575136,2.422780553790922,3.631086701915383,2.458280013340186,2.4422073172379384,2.228171343845399,2.563723904339787
3.815325949819499,2.7180598645166953,2.575473911738677,2.9137168618991685,2.3785325433374807,2.145603038374883,2.216419420461392,2.825731322639128,2.5124578282225163,2.7278389038820627,2.5861449789752617,2.5887995973336495,3.3363245772936443,2.62605941801227,2.62060061149808,2.419238075177543,2.685232533286659
3.12241440478799,3.1295957345716428,2.3917896979334037,3.0023978417917423,2.448116799746669,2.672965393879747,2.1402674015026713,2.775984978365858,2.5741774866242206,2.54436582510591,2.3956680724614725,2.3967276840796083,3.768406977144528,2.436492405989538,2.4175563213754137,2.195619834672319,2.6578787356617886
2.9114710882188493,2.997065070291917,2.4432827903912537,3.0187318013749085,2.420001394872176,2.262841357718436,2.22818201669288,2.745055416944102,2.504089913962586,1.7644992665137416,2.4480043152667785,2.449104305299163,3.1627972273692166,2.4890744728044645,2.4735820019176,2.255898704564035,2.587278791845891
3.2115232009494488,1.6965414126580347,2.414202884587724,3.14192301270991,2.563294980254687,2.296826704163764,2.14652338811884,2.7723501800295085,2.488387611378505,2.490798684495399,2.420622790394726,2.4229027948927966,2.8662018406902536,2.4639193498457375,2.4471067197013303,2.225686040871696,2.5052008607497975
3.1060128795270243,2.334950883890411,2.241348540747725,3.2141130298066884,2.8217542253322847,3.3475388856566672,2.148643122751875,2.732701859254928,2.5596223577392614,3.0553525287983163,2.242037989564187,2.2433475128066287,3.0917572329602896,2.292167248485955,2.2595619420546993,2.017559539165757,2.5768744833162924
2.7320401769127005,2.054074572366494,2.051135061009443,3.1883134607607437,2.8045131823558167,3.2453059068244183,2.0299055581913508,2.576366771089752,2.4333076073733793,4.72306505528417,2.0418857313982124,2.041035100140143,2.802475772888597,2.089299669567368,2.0452119782203395,1.7839194968536436,2.3945860030634933
3.3322048584662225,2.1086685659255013,2.575060942208658,3.4060003741233142,2.9133783278823935,3.3143614117404674,2.0221475081367175,2.821586872872412,2.5013258053140226,4.249956455364234,2.591569292604937,2.59822012437034,2.3086714718057753,2.6567693559190992,2.6380183302383977,2.4305202455174677,2.6812335658083812
3.6048955195628847,2.800730401082628,3.0446218746898492,3.4911688475043468,3.004826563973978,3.343627593529437,2.186839534195231,3.0566067557270276,2.697223528666626,4.131463073260999,3.0760922988422266,3.0911821735671983,1.4510873449507224,3.1494896907238026,3.162349668092772,3.0022472176992454,2.9441992675205313
3.575741993136087,3.709067351681169,3.4613437986572384,3.63089359462879,3.1581585363034166,3.661884411115048,2.442185614768086,3.282033857600403,2.893608772177045,2.996757240299619,3.4913687723111884,3.517144616078312,1.568130554337468,3.581005539227975,3.6135646110547146,3.496030091014803,3.2721441409394494
3.3831865798501215,3.0421144369759827,3.3464979904153394,3.5942369374417114,3.003861330094019,3.6478087278915545,2.1212268438192843,3.1903179999602536,2.7289780195750732,3.1549707009468797,3.376300238125614,3.395902916534236,0.6655136905519698,3.452912477122755,3.478425053004641,3.354743868643404,3.0521351406670645
3.5742780977434463,2.787724814180252,3.3108125843650775,3.5657751214129765,3.043297281677306,3.6486693379222066,2.2869891723072846,3.2905633336700553,2.7163435670635727,3.073998422553448,3.333301353245115,3.352775967965883,1.4583652288413915,3.4123608920965984,3.431302527346745,3.3043718830609996,3.101128744193261
3.439774321615707,2.771619022832713,3.206205647800654,3.465117729827293,2.9548062373735453,3.522120016991354,2.3223691824805375,3.197024150460459,2.516317850476668,3.959237211179456,3.2296643040157065,3.252841296419186,1.3748834111271997,3.3057156692713376,3.3230665985554437,3.188308934713558,3.004655624930758
4.3165852205990864,3.2713776190373665,3.1724116325130174,3.614312273954572,3.073579554912571,3.520508689565048,2.4907945339448365,3.299440301227456,2.502776074238204,5.512191196588123,3.1888028121992753,3.216868810140433,3.002915107224056,3.268042256607407,3.2815601792394684,3.146612312857615,3.224439158550694
3.132794771687273,2.9999801020910337,3.210904236241811,3.6008675264010046,3.069926606643435,3.5606285927057333,2.6049964889593173,3.326571324918862,2.6154994443051285,6.277720914363716,3.2256979549063685,3.256476901123915,2.9235649374524257,3.303099079636858,3.3229851771884813,3.1928646678926853,3.1564571874769554
3.473368547078988,3.141075262763479,3.3672641687753013,3.6320931465590993,3.219704700325159,3.7687461917838823,3.3683737116269636,3.528537267228675,3.043827105201923,4.172203295001609,3.370514693220431,3.3973522612994467,3.769492491910016,3.4507551232932623,3.4753863155353875,3.356621419242801,3.4242074937229874
4.106489925884473,3.576520046853014,3.865506584484452,3.750042424664489,3.3907733311126846,3.8004368707901697,3.86575999179267,3.799481585060069,3.5370015712537906,1.7859623360387822,3.839242232905289,3.8347877870465017,4.622678496927776,3.903048554931574,3.94327519876813,3.8650820164528015,3.8466751079285255
4.132087538230505,5.853827516475063,4.170829930875292,4.034499019779884,3.648404532084184,4.154854166128626,4.2683221876125925,4.017544492820726,3.8320320445113287,-2.1102965875634982,4.1416806228536265,4.089564724186227,4.317965579946667,4.162188813787225,4.211500978614717,4.161077011577342,4.2130919439656
4.068001861932317,3.2888537333127923,3.992377237428476,4.051715212492415,3.506385772127052,4.032179142675605,4.336205644691915,3.942696338935767,3.5987624806579945,-6.288624116280239,3.9930115698937247,3.940223864584449,3.9960558187292192,4.001030160679003,4.0395273889958,3.987071980901765,3.9182732138692193
4.04109126944239,2.9070348263739403,3.6732870359101826,3.982331629233888,3.393607694886586,4.154174217064109,4.081667254177915,3.8206152871415657,3.303335047088384,-8.807143703820763,3.692972899423744,3.6814078048154752,3.994511006466855,3.735608881799538,3.757620727101099,3.686235807241915,3.727033425877839
3.335911062259797,2.6079229631785132,2.874079111004059,3.787814864055868,3.2312106706684034,3.944167185062304,3.644799807503869,3.321126056344705,2.4766677371769426,-6.420086607603981,2.8932935760415996,2.93066198929679,3.263115310652789,2.9556331305003924,2.947665923782942,2.8127150557859526,3.135118962887662
3.095951042397856,2.2864832205093735,1.5860044095705896,3.4537748885622355,3.02963487639302,3.502334981902825,2.949962376239415,2.4901344073047884,1.9080374809130047,-1.0487719122004968,1.547972325956295,1.4828127807913487,1.9392524195948009,1.484531419571547,1.418525536517199,1.124948409392449,2.2200240383744494
2.837424972403762,1.654596068311605,1.0893191981953378,3.1917387385661407,2.489386389620722,3.0283443493312285,2.6293714768541743,1.982265082090928,1.5185162518375486,0.7514620178371345,0.9599757455569732,0.7615803407163286,0.6694034720744761,0.7477432827731243,0.6653536905392755,0.28635198404590856,1.634091402861169
2.366530996098237,2.101504652360747,1.0145498214084492,2.738274325814759,1.804487235527596,3.1979487753796634,2.1519947765110823,1.6489085474844878,1.1752852374901983,1.0982355553760923,0.818858318738199,0.5683817215943001,-1.1686994541474978,0.5233269578806033,0.4597247476287138,0.07251348159613592,1.2982393427577115
1.728231631994738,1.6169602429430086,0.9633083241361694,2.367883271422751,1.478959975549215,3.1956073545928465,2.4797648826715153,1.5540553526360747,0.9726534887949172,0.7654808428346982,0.803504935914232,0.5577606789275399,-1.5395161737378626,0.4921035334239864,0.438755343782862,0.06848995188563285,1.1452348529958416
0.9478946764884428,0.5459583562469843,0.7199896142942805,1.8764472000190344,1.1683930138754173,3.294568551104614,2.425377650107965,1.2405795412464364,1.1983187279765388,3.5244422489490113,0.5233559699294015,0.21374123683323035,-1.8373025133032652,0.14902576991606628,0.08598331353047083,-0.3305586481228799,0.8147848306761826
2.2717832714433053,1.7993835325739749,0.6583084773737595,1.926528889626103,1.640691552400003,3.1234426714492685,2.1784295444193784,1.1461494979172815,1.531593097290024,2.7380712703845234,0.4565243310269352,0.13861111316235697,-0.03609328567472392,0.08643925199940067,0.01652328385593765,-0.4195926450885755,1.1012481722516287
2.4701459853298817,3.461844703901394,0.42927306093324336,1.4641848877052304,1.5335701637808976,3.0719321778245603,2.0428768801057724,0.8355948138853783,1.7690290925313523,3.273217122062011,0.2197747375403548,-0.11938356952524665,0.02722750143063696,-0.17659234771567242,-0.2442395792409717,-0.7197644890727067,1.0710316012942735
1.425313493433764,2.632307824637402,0.5032007541306243,1.2656754528821204,1.6537708758800638,2.956929254638642,2.2140030325898787,0.8201224185427877,2.1664127587410045,1.5469635344318888,0.16483797863650484,-0.1817673512387189,0.4117175016139736,-0.22465282923227667,-0.2948569528390213,-0.8102002838022317,0.9801875952409677
1.72241584465166,1.920667487990151,0.24738640542026508,0.7827807549115764,1.6752254756964866,2.6796406349704593,2.2128449329938187,0.5254641590711153,2.5079026801050346,2.975404919016178,-0.2085482316466969,-0.5665654306083199,1.376638985682343,-0.5957775276930736,-0.6726584903723317,-1.2750706045665807,0.822156471773727
-0.2858837619459516,2.618389122032307,0.5199211632050146,0.8294953520383499,1.9025547215835583,2.183897202523603,2.3473493742689224,0.6839249138384359,2.471856797616991,2.8278557753669276,0.06447224587926603,-0.24808433624044213,2.353030260788299,-0.25977907288118934,-0.32974753966762604,-0.9222675322410964,0.9286085940532295
0.5116981366751093,0.9184678028149676,0.5158022205466437,0.7302451594374297,1.8873252370639544,2.078681057371771,2.2333540291907026,0.8103669727270909,2.3250282112348484,2.3811894001235068,0.0980632006130786,-0.18121427848310356,2.9021545620298355,-0.1864539063444012,-0.2584073109677753,-0.853277552142958,0.9021222361178128
0.26812295832740457,0.9172042298949674,1.0531457912284286,0.9122917114291292,2.007858080763631,2.003402778866703,2.1546605556577245,1.2192946697837277,2.1778580327927304,1.8657457028303348,0.7618906581590557,0.5629326069526405,3.33103411129325,0.567412668435168,0.5140814349166695,0.005757190235272908,1.2304631652491
1.7351948727523452,1.1862062906305926,1.6388593109268237,0.9473175943572414,1.9358634934980836,2.00672272577461,2.0298311065141927,1.7640915891498368,1.9775176085668904,0.9940889333346804,1.6417251981754342,1.7387677030738236,1.66090022015404,1.715062521324267,1.7173996009494166,1.3912110432975573,1.6724447252763437
1.011732092924842,1.6332820549526812,1.8631901970997728,1.0422617806824517,1.8524953749269577,2.1545874021052605,1.9923395164583453,2.063700997700131,2.032307552910532,1.2310493607251338,1.915167432106228,2.2570421863020904,-0.3318563235379026,2.2229158630679775,2.249051631601362,2.0034801885125906,1.7307798631875548
0.34612050491451,2.806515336143014,1.8979600965610264,0.9737020443480608,1.7177568604477451,2.036927046295199,2.0342593413414267,1.9971473119152257,1.9419030109486233,0.45439279293519874,1.9473823521154427,2.3619795379206243,-0.12379534429808084,2.320553267046765,2.3559239212118372,2.1274375383224737,1.782784855015593
2.1651061712027775,1.532854230632552,1.764103193361483,1.0024343063508327,1.6326077730364428,1.9915789812944815,2.027178456150017,1.8276748573823611,2.021096591938584,0.5689001264221893,1.839638788348335,2.18605537444285,1.5189782486387513,2.151039142945142,2.181562983499853,1.9185470135942009,1.8506970741879105
1.0653896099966522,1.407785136275669,1.841187946285528,1.1441672297329004,1.5997596852299472,1.953558957321068,1.982000123149976,1.9064693098083056,2.0919489610628608,0.3314819016801529,1.923483612010483,2.358859228474069,1.489917390882407,2.312737460117813,2.3626639929867896,2.1267463250855285,1.8377783312279998
1.429164525527417,1.8008806200195917,1.6824209240443089,1.1235423701114704,1.4799105759021711,1.9491606859985695,1.9981014639070336,1.809895257302776,1.913616482958892,0.8682868109207043,1.767092210233391,2.216320979107596,0.8907663603106493,2.1588494696496214,2.2142325993806256,1.9586589549327251,1.7595075652924557
0.7994152280286915,0.07341980526067252,1.641781990498525,1.343330920260574,1.5814300695595722,1.944523919262025,1.9859896641698187,1.8309757024427296,1.8692180958232232,1.2663721003629114,1.7351703658261344,2.133642617872746,1.409906178201359,2.086862458428834,2.1316897053314197,1.862218314141555,1.6286383356738585
1.1741631711714366,2.14481458983317,1.4006418134909293,1.4302277299751975,1.6994290109317138,1.939421944287833,2.024628325601923,1.5863704131923606,1.708770404058492,1.419460407897688,1.4543239171743183,1.668674091937618,2.6832701534756964,1.6362935381738664,1.6539217422649568,1.3101834027365609,1.7010089498870715
-0.22389542164427617,1.521444359772439,1.53348940550836,1.5302482062695104,1.7016689645267762,1.9359857357718433,2.0200473675309043,1.7262747642383411,1.7736954279280732,1.874587718693732,1.5969444176219805,1.8075333222509495,2.8268544550297685,1.771685055756009,1.7969111761478458,1.478001009745738,1.6531258830969509
1.92158728319376,1.3915915824126368,1.5003165256537905,1.5767013417842877,1.637119912011976,1.9343603928934976,1.9692012912388976,1.6760786680293491,1.7235446209157592,1.9584517220021525,1.5421428124361998,1.6980843941241095,2.997768839165361,1.675796839051917,1.6877216953300938,1.3492415405252425,1.7520838492511253
1.1388218728995243,1.6915640289478984,1.4274246081149804,1.6124916543238916,1.6593165034561377,1.9025872215854,1.922981084885412,1.567905910721833,1.6968155780631746,2.5459938904004886,1.468767323848399,1.635231988751518,2.840829468071027,1.6155809908126206,1.6229965422266213,1.2754037984416216,1.6719145716766706
1.1921272888264731,1.96538320173019,1.3142989057082592,1.4262702789306665,1.5660371323268787,1.9026130651567588,1.9358359832896064,1.3822973021101297,1.6068394341064345,2.508697143417127,1.3631601287114157,1.571967512644073,1.823808892502663,1.5440525726720011,1.5560135163351336,1.2004606818149393,1.5567443931243752
1.2616121449687052,1.7921498643382685,1.31583235603918,1.4626166057721055,1.5824357607441073,1.9037393933879716,1.9345550316123628,1.3503716287877583,1.5367318041120164,2.9546721977086854,1.347082057028503,1.5145959277750851,1.8431203175802509,1.491392749295317,1.497659174497885,1.132189828313361,1.5310723096168586
0.8920339167055362,1.951204366380319,1.3711074223534452,1.5223651644348468,1.6880152155139896,1.9356664916191368,1.9429369328165305,1.5122735158649383,1.6020998661527042,3.5176418915621177,1.4315364421117545,1.673689042718065,1.94317375298884,1.6428824117785734,1.6602354422687304,1.320651657798559,1.6059914427670645
1.5983069574223483,1.906594542484525,1.3989517934436535,1.6577789799904392,1.7849408876289148,1.9377864418915576,1.9679675396013552,1.7530857437240384,1.7734796828105477,4.374543506841366,1.46632076254494,1.7141010542004471,2.6538150685417112,1.6965827417250032,1.7054033085385676,1.3677100760489334,1.7588550387064654
1.5233299086903953,1.900384142311313,1.5113882268022392,1.7470703471675515,1.8323401589436212,1.9417055804613088,1.9384331466657163,1.968454962267371,1.8797219555005076,4.576267894256425,1.5994189119512927,1.9389985110301864,2.5908030277258383,1.91834528974073,1.938202623015212,1.6341966726292738,1.857519564326837
2.224312576724927,2.426676438092363,1.6663087739878593,1.947592719194695,1.965051486359864,1.9477885841559228,2.0064688810649383,2.0824133586410274,1.9518080517862115,3.185107782808938,1.74769459738692,2.1692366045808686,2.3140756855906797,2.1414909773389144,2.1742972935438445,1.9071552110517496,2.044824749300052
1.7498000536192102,1.0432528452231256,2.0284061034518235,2.077447406194338,2.023705890475559,1.9595802153699864,1.9783897277845757,2.325662547830842,2.1367740349427264,2.2040690505548355,2.102564978825316,2.5599974718858025,1.539942965018657,2.528646808677309,2.576642925479165,2.3721185636289177,2.066862169227157
1.7389122584762673,0.4854172986696741,2.275688855806746,2.200141024056133,2.103992585495754,1.970179948165476,2.019927970996132,2.544028402412882,2.3358547281512636,1.8205561530188596,2.330048017024503,2.8057433077151313,1.2852324727097737,2.7750911431461667,2.8303993498590128,2.6648448676357845,2.1577001486880465
2.07505356243255,2.8653081512050815,2.265707298015299,2.4107470011295,2.381332708439694,1.9777468069467443,2.097368212089855,2.6766015571179844,2.5844850449507297,2.334443601877556,2.322839472093095,2.7900730456371248,2.0602620717222235,2.775382951948504,2.81981051665799,2.6457208572112028,2.449895950506505
2.458115825046733,2.9184604750506233,2.340589883898155,2.674583773267077,2.658973946887778,2.168547089182156,1.6682997198185223,2.7283344437527504,2.667381005698502,1.8049434757616112,2.403349255281374,2.851505711424931,1.8676257620720895,2.8455731070622146,2.8866080336122755,2.719981837338373,2.5238619912929043
3.1376176560564155,1.1271458641249514,2.435338338120734,2.652510678092154,2.553411736020361,1.9870428551428896,1.6675036999229502,2.7923995990173207,2.6321418171645306,1.4567282876751797,2.505360093554669,2.9234987962842105,1.5628020347981386,2.909022575970382,2.955054817834463,2.807109284618421,2.4431973231148394
2.8538854514938734,1.6828121903186006,2.5205929748453024,2.567529901654033,2.354112692944321,1.6187968673295745,2.0562558320112747,2.7516883682091504,2.4468331844757816,0.8817887715078854,2.596099493231036,2.9819054068865816,1.0353329688247557,2.9522538167199412,3.007393833499877,2.877640023466932,2.4202088670607362
2.56918692639283,2.1594703223871843,2.442322349065653,2.5400818140201897,2.2297630342823176,2.127716015607778,1.5355567002830264,2.727867513996804,2.305482122233891,1.8082803215992096,2.53765526582856,2.832221129641517,1.301832942570204,2.8054241079370343,2.848783425209085,2.698824881691053,2.3774792367431417
2.260720827842693,1.9236557960775524,2.449983899654613,2.647674492921636,2.3932900266430335,2.124795886454066,1.996554036800016,2.729110272845813,2.283403304521733,2.1371632110782635,2.5477713007931455,2.811234638426722,1.4883424305449962,2.785469650547244,2.825910812717312,2.6745735331126337,2.396166060660214
2.392942534297024,1.825139681281169,2.3649256997688246,2.582848601302125,2.2975926301493557,2.0572585032932027,1.9943848884218651,2.612840391063566,2.126447089077972,2.993772496143521,2.454697539432406,2.6189199583021066,1.6617158160069254,2.5987927776532307,2.626664521101141,2.4452607845052525,2.3106954277104115
2.930645800175644,1.939168138052992,2.4831896773215845,2.5984202201940105,2.26825765394896,2.057377698819115,2.0169158476294378,2.5753915183032468,2.00140342540307,2.3470211250890216,2.5657472887483377,2.6749703645125247,1.2111248133877166,2.650838176193139,2.6800196151480145,2.5132211025831857,2.3444460893613983
1.9737525927908175,1.874477906908788,2.461407405782253,2.66478445358819,2.4016433780280155,2.056469039325967,2.0067029395827656,2.502901836314834,1.9120096974169725,1.1671087533156488,2.5362845801700606,2.6306088633554214,1.124350818392308,2.605545482514641,2.6326812404638336,2.460674657913214,2.256286326169872
2.5248282706306835,1.488961557671126,2.402302214733421,2.4860632319073956,2.3452679530794,2.061217214780111,2.0549500973047383,2.468198546637928,1.9648942310244903,0.15122301614303169,2.45786982016991,2.505483778164496,1.7019402078231454,2.4851445802808168,2.5037675828654193,2.3107918391699345,2.250778741749534
2.443700306688388,2.177324462255192,2.245517234430078,2.433511095729874,2.384166599081839,2.052756315145119,2.0000742322463045,2.32336205574576,1.975585499519334,-0.23786375692589343,2.25950506101799,2.2445678903579376,2.1520022963102026,2.23326675147997,2.2387536659103424,1.9986947278447815,2.210852546250874
1.997482893856135,2.194979411165569,2.000399938309048,2.3575423258083075,2.399808553209292,2.0152021438535725,2.177892817169461,2.0952610440299924,1.9578434527868345,1.397967280009116,1.9647008326582875,1.9065348115160472,2.927890046262663,1.9010657159172184,1.8947431842158136,1.5953459925916007,2.0924462108899897
1.963272431223569,2.081395256835916,2.0286282656551062,2.2881776995367384,2.3458522403675666,2.0417932600044155,2.085541892245757,2.0670837921594387,1.8810530271835944,2.7663353614753916,1.959088133938982,1.85363666461626,2.5184160540163094,1.8445885755384157,1.8405479887228144,1.534715982404124,2.022252750963267
1.4824449755048263,1.623619927910256,1.9067723023284944,1.9702130456963785,2.03615768289979,2.13603400392772,2.0339872563397985,1.8701539530142297,1.7336613256839912,3.8005289006422416,1.8215282867540952,1.7130004418973463,2.5270033289236857,1.6983509124856753,1.6946221169273672,1.3700094897750574,1.841170603337914
2.6162490695205856,2.369444296209064,1.8655451914135344,1.9601229829737956,2.0495814036455524,2.8778405051157123,1.9980730243894451,1.8543538410135372,1.7388439624824137,1.9955194939663912,1.836138297917675,1.804973501882968,2.482178864298225,1.782688852981475,1.790546764045721,1.4811406021408595,2.0338480773353713
1.889561930695861,1.7077739558188634,1.899751207429645,2.074065095409434,2.2105581108286403,2.412627808881684,2.0041725804365536,1.9549188102411108,1.7996969055340877,0.683080618525711,1.9115765593159224,1.940178450752709,2.4897317224567512,1.921265307406282,1.9320418827842167,1.641883822306579,1.9859869433532227
2.627327678280043,2.1776915276011906,2.0454893093299313,2.1794953958775993,2.3448441622544687,1.9612562481943363,1.9712121420685549,2.1194881632758342,1.9743991926756628,0.26196134199052423,2.0841405183303325,2.140679026038695,2.8213034878730796,2.1241830008515694,2.139830024008374,1.8793095944553553,2.1727099647410015
1.684602865334007,1.8251872847255135,1.90455490213479,2.066377608419524,2.2491885327282835,1.923353509241844,2.0488389679510837,2.0733564882109077,1.972123677470881,2.2366252060542102,1.9102155495073485,1.9272079320089428,2.626757346361182,1.9178683773357916,1.921121893049352,1.6240428460575516,1.9783198520358003
1.659388794632264,1.706297538435601,1.8641907261082256,2.01067963871309,2.179278570692966,1.9186010105524212,2.0755842807579983,2.0221404201915663,1.96897174894876,1.7759793177091865,1.8727529665247016,1.9007865710128105,2.296418384284897,1.8941430047572143,1.896208999716203,1.5946016708207256,1.9240029550766298
1.845983362733021,2.24332651476844,1.7867281039585678,1.952830420435192,2.143980387789726,1.9476609194806007,2.0919584329294283,2.0095165563638395,1.9922896215995745,0.6806537267661561,1.7848044442488171,1.8057727676549495,2.3050131983592173,1.8047321830730207,1.8012301111506388,1.483733188222352,1.9333040141844928
1.3502652888977065,1.9561431757736267,1.8958685015150507,1.8676653256866511,1.9944961707823343,1.9487996662865177,2.0655509024874803,2.015556565630023,1.9531787948511024,-0.670609602756933,1.9099331503206176,1.9415754376535048,1.7665586715605983,1.9337597215997844,1.9395742659004125,1.64609206777459,1.8790011804479998
1.8632191595879688,1.8399289074613911,1.7036374928166658,1.820594367136712,1.960882809459119,1.9131906200109825,2.0648683156355023,1.8332634612291867,1.8286912115608311,0.4998507908086758,1.6630008562110152,1.6398814503868449,1.9572407098530915,1.638419075803905,1.6304525522656568,1.2861171511607412,1.776225876038641
1.9683343619549587,1.981523973394844,1.5830480383170582,1.84546305579239,1.9124145698535784,1.9071512237935593,2.0562707254606805,1.7559449372165603,1.7914036772846325,1.276857884224114,1.504966478169431,1.4512835800732766,2.2105194852309347,1.4558864418712236,1.4386860929619714,1.063154072496528,1.728403380924775
1.6153503886302771,1.5242335354472685,1.6380732751704752,1.8175900179674491,1.868489343234954,1.9031148327581484,1.9663854728993655,1.7779496966480328,1.7240887943635337,1.671875728879968,1.5793977755042734,1.54160650608866,1.0056269548609944,1.5381939413808463,1.5304350814461274,1.1755613338232616,1.6137397966815776
1.7917886604300373,1.7713308095265323,1.6681164553468442,1.6820547865704685,1.761531767386776,1.8902731150456813,1.9651120099899395,1.7743736969993502,1.6933157274143256,1.475327384833225,1.6647163403982943,1.7011603010374494,0.6020178660817604,1.687881890881196,1.6926955929073255,1.3683018690384376,1.6476447259369613
1.4617424183670968,1.5617149440049614,1.686674175551646,1.8927241894902385,1.9595523572633808,1.890549953243294,1.963027046969618,1.8498342370424263,1.720579859141615,1.6151842203200315,1.6991670738028328,1.762102989181551,0.5131590165103639,1.7475411129514968,1.755223352731389,1.4418227479041477,1.6603610316104036
1.1616828135795825,1.999411591014008,1.6232608939337947,1.780266427625877,1.8844998423337604,1.888996702559617,1.962995374744312,1.7309349131276035,1.6991330401457074,1.6537678964629876,1.5930587221085124,1.5962910789318807,1.3053045167993491,1.5896140342442175,1.586285885347191,1.244543190472264,1.643085268464512
1.1886793027932392,1.726083696180795,1.529795909286194,1.6114658978418457,1.7263471448507617,1.8883679539149636,1.9504434820062204,1.6235122769914303,1.6916985485677782,1.9041962844045024,1.461978329399151,1.4276252343340263,1.7807945911202054,1.4239476975351515,1.4133362808324073,1.0444395761953271,1.565901061456633
1.1375951905811237,1.859860776631028,1.447507216757833,1.4116431881863936,1.5340289672567735,1.8870223818182617,1.9492017901508376,1.43534809590849,1.6302158993190157,2.3092462516448364,1.354596487931654,1.3004570787197638,1.8088342061338392,1.29427310242862,1.2824707500353063,0.8936591846478003,1.4817809544337825
1.4461192529186822,1.9756160245165788,1.610919071927842,1.6363334138172652,1.7777352496424894,1.884880011532712,1.948676730963334,1.5012565053986808,1.6414484654334742,2.013360720960744,1.5553217789568872,1.523172445658163,1.8510840397001311,1.5129153971238758,1.5108121644871448,1.1594809871830556,1.6357181026173544
1.743664014364154,1.6124012929700502,1.694864716647159,1.69326660962953,1.8183154157883104,1.885128772002414,1.9453096395080465,1.5933312461429128,1.6690501032392138,1.9468944816440017,1.677490109229612,1.6873188324516537,1.7075497435558893,1.668991034392257,1.6784205888476644,1.3548239486205895,1.6953284044926304
1.7717957933395003,1.785990667759021,1.6867512261535225,1.6994253613370909,1.8198382799829849,1.8915202935506452,1.9464460280356903,1.5522843566166995,1.697766511028264,1.7063305600855116,1.691430440758833,1.7381612428364528,2.1295232430425255,1.7164062201402543,1.7309580493174386,1.414219364595389,1.751501138566287
1.637794086348869,1.4031028206140763,1.465317384159461,1.794558065671982,1.883932957480401,1.887468564321754,1.945439628306349,1.5147657795524556,1.7739864165172372,1.9517224871573369,1.442898019738642,1.48186755808682,3.2278707310725503,1.4723135943201628,1.4697440574578255,1.1081283324817466,1.7006125330753554
1.9477094446347172,2.048056742368745,1.7003057596344566,2.0618908047198405,2.070131075157058,1.887702557873388,1.9451328093103504,1.7163686415483763,1.842448872396227,1.669086965313138,1.697464247461792,1.7283443145280433,2.763457179420348,1.7182174099753529,1.7235475783798684,1.4023792077098494,1.8835437763412275
1.870358175935078,2.071887532266204,1.8634836301872943,2.082953682666417,2.1500077655175116,1.8921265943136791,1.9463181118145656,1.851821692664664,1.933432023519263,1.6146788990825556,1.895146617951785,1.9576905693282816,2.6853117188370224,1.9463006614342864,1.960045843812211,1.6766561413862873,1.98556938410897
2.288564660732846,2.066634866138293,1.9471974100582543,2.268773727464521,2.3399747452028787,1.8919965933903364,1.9484390255025368,1.906325791524756,2.0183212279225047,0.9564643799472528,1.982088600622356,2.0402977064042185,3.030198158413404,2.030584255279927,2.045360591124917,1.775151283504634,2.105327242885759
1.8005963390804556,1.6830472967146544,1.9157907613647396,2.0988116490250697,2.108375921434101,1.8912492699144616,1.9475517904814184,1.7847077544082397,1.9121625781990352,0.944570549901158,1.9383331565722492,1.9774916838420544,2.796523545789944,1.9699613911336509,1.9805220803556116,1.7007472647288242,1.9670581655363006
2.2136425638280417,1.8704195399319752,1.983600831762768,2.170765838235239,2.1710967297927706,1.8904365196015651,1.9471762098279888,1.91505287103105,1.9849610363297432,0.2485380116959313,2.004807706835439,2.029707502478609,2.754636219698656,2.027094582179039,2.036190929665363,1.7639108720147607,2.0508999968808674
2.079269588458351,1.9478225666198328,1.9021585812242707,2.304449438883298,2.2574520697220533,1.8833234617728332,1.939692482170171,1.8884791567466157,1.9756624640645168,0.0804291994552564,1.8943262066480473,1.884970760960943,2.723933914812172,1.8917500670695755,1.8889974539145136,1.5928294754336496,2.003674512566723
1.812412187864865,2.2142309436858127,1.9301607053038683,2.4937833416029185,2.384803950798606,1.8800789373667848,1.936827395456248,1.9336573313953096,1.9460133459689437,-1.1103603192286204,1.90205538949158,1.8591502979452867,2.7603558960880155,1.870835052537907,1.8631910709339496,1.5637124273025844,2.023417884916179
1.9365697323727324,1.8758645274710464,1.8683189797450048,2.729087054928514,2.610034729245553,1.872078071573335,1.9688991303623535,2.0167183651481344,1.9659592265729215,-2.7249150746977424,1.8068634291433665,1.7302832158511308,2.7496541353710975,1.7535819014023577,1.7335968665199035,1.412699679986815,2.0020139363796177
2.2008002221491614,1.8870269374857895,1.8125884640899763,2.5916678365276593,2.357922615727635,1.9006104045964411,1.9599006052741543,1.8056936493172704,1.7905684646497726,-1.7946726367250143,1.6830997237095242,1.5398064050370477,2.832957009087079,1.5677293216793091,1.5364793003468296,1.1888720129646468,1.9103815315094863
2.988382749022926,2.274337106920036,1.7674843057592784,2.5853835016721662,2.2496844255584407,1.8934793839659612,2.000861809053486,1.5752280683950537,1.659533196270636,-0.27836278729052033,1.47855898697733,1.2023997685635268,3.180574387006539,1.2391876932069592,1.190101046931219,0.7927761335119003,1.8718648375210305
2.4732302446472363,1.3826346091366002,1.5819735754158666,2.4759246451698536,1.9729983488297609,1.8468637306167652,1.9396609036028267,1.3076648661262604,1.5100845661037818,1.5262683657895515,1.0500250353705876,0.6362572655607683,3.487500464855366,0.6936210339115041,0.6115143766460239,0.1302583075491725,1.5400141315694915
1.8647626946065712,0.8065201538915119,1.6463637877153685,2.3250462903651594,1.8610537238559033,1.8393949660409676,1.926197171204914,1.1829694275354794,1.4260235091336264,1.7807313849316664,1.1261199251066367,0.7007085398271884,2.5724543377850884,0.7470603706093146,0.6758468065437357,0.21488490804965665,1.3943604408180745
2.194178303206742,1.7364016905194417,1.4796854051287496,2.1312616614385154,1.7197704165132195,1.816160925082263,1.8831259473026176,1.1235895039602588,1.4414920719490292,1.7922920446423518,1.0592048500954123,0.7029046224686253,2.763567431426853,0.7493978933523867,0.6780923429704716,0.22197890033177495,1.4467207977164243
1.8772839775710903,0.988498805480354,1.4576590939023433,2.053103046843395,1.7162297055777358,1.815767143359441,1.8810109205931271,1.0747635558137052,1.5202465083669123,2.2055927530523434,0.9807289969432986,0.5858211256511107,2.760965328965259,0.6334821813683842,0.5598540499080866,0.08134399472598353,1.3324505623380152
1.548201068250451,1.4849424317764457,1.4386109692435716,1.9072862503281869,1.6659860595143483,1.8134207075825943,1.8811519503523235,1.0669140460309388,1.5670264700245276,1.279368357565147,1.0226082167472568,0.6674346981475512,4.054275591500678,0.7086689792890943,0.6438151839807139,0.1750977761538351,1.4430293599281678
1.5243611196697493,0.9075167562403804,1.5066811854764015,1.8655343040676535,1.664289949298049,1.8131629857779583,1.8697670787383185,1.1072706574084312,1.6080689024793549,0.3794824078888759,1.0999279458627798,0.7410570431003511,4.080990586842166,0.7843363344382944,0.7202663581091641,0.2595932792135522,1.4368549657815068
1.7111615617767326,1.7250283733821368,1.5265996034133986,1.7942208876531798,1.7747468301909493,1.81552422429944,1.8710179909964468,1.0644094133306117,1.6270252052862737,-0.08016105083847869,1.10132541954265,0.7254599675469477,2.5177999303265506,0.7654318694005822,0.7064460812606206,0.2366357776673934,1.3975222090715944
1.2253939193166563,1.3017780765500135,1.6380809254655535,1.7617743501806646,1.677703667471398,1.812406380488752,1.9971920200943285,1.0685686422285536,1.5837035797566332,0.33157525574107893,1.1680658319103132,0.7486751952972182,2.1530645395510724,0.7907650236506922,0.7310244132993171,0.26304156373011955,1.3280825419327524
0.9582286040128876,1.690988612915245,1.575477035168868,1.9009885330091492,1.9395097674301431,1.808129356153548,1.954699677489418,1.0297560190922974,1.6676966712161003,0.2442425291860673,1.0745868759031123,0.6292739436546017,2.750371689313728,0.6825392717968034,0.6116993846721964,0.12319763241433652,1.359809538282829
1.2786192962274094,1.422907522013047,1.512218441557585,1.8283727201208229,1.9674914662514025,1.8028641768092295,1.8678275076708784,0.9505533405513588,1.6341872966933346,0.7981267709576301,1.0693993760965808,0.653818810392935,2.366002079407844,0.6961431351532191,0.6353067206547143,0.15560490567152405,1.3227544530181257
1.2991456241256496,1.9154251907543252,1.5353389106609785,1.743417582083429,1.8941179386042275,1.7924160213274891,1.848435509113709,1.060475703244881,1.563071181361427,0.24028397196689255,1.1704165386725467,0.7957137981887206,2.1697426237760165,0.8270289157431436,0.7779593226901169,0.32582354018647247,1.3812352267022086
0.622975677998419,1.4914362175276177,1.5758688700838352,1.6236428094542308,1.90477321981826,1.7895107401188053,1.845972877594436,1.082553994722958,1.5433944009288554,0.910796582691198,1.2617682846057336,0.9100702299887098,1.695328950259791,0.9406554183146864,0.8949834136761823,0.46325836868421943,1.3097462315851158
1.5139996167154477,1.7686122951992025,1.8623670371763172,1.7874500939258962,1.9467058687050145,1.7876656861196545,1.84418374875465,1.367140169197346,1.4416706164803053,1.5057830799447558,1.674137918332299,1.4012000797026762,0.45383940599472783,1.4148228721693012,1.3932724291783387,1.0456660391196864,1.5135155917847243
1.6039457293815111,1.784475810372897,1.8152805008264,1.788044906477304,1.68521949675961,1.7796508199548675,1.841518678381303,1.457140543999156,1.3344380495501065,2.2776888371415893,1.5648648996121572,1.2258685966566405,0.975190441780925,1.255516586522521,1.2157894792999009,0.8398977405516794,1.4777894853417983
1.4210136358463954,1.257352946454377,1.7878549612781534,1.716183739485224,1.7873952745027042,1.7757808245988875,1.8809836733994152,1.279956150650264,1.3160221417892073,2.435389480571448,1.5191419359276903,1.1611120116868705,0.7134222479709373,1.1807932595632706,1.1480423521110454,0.7638402332360377,1.380593025900032
1.9189216562375733,1.4000621880360522,1.8531606045306777,1.7221468268614908,1.7173238210016863,1.7751973039736615,1.8810054422756215,1.3797915885383338,1.3302808033051428,1.6052178639369252,1.674900379212625,1.3953976008875717,0.7048076732744704,1.4080208520009514,1.3864855619872745,1.0417256881456434,1.5059485326845852
1.6275708403192304,2.066167542139035,1.7765110249202445,1.79885371590098,1.87333817679572,1.7773239824906435,1.923260691408352,1.3994143065757194,1.3715814756146003,1.7112570322534104,1.6035170413121187,1.334564406317932,0.291749278735307,1.3554805154424263,1.325626555966438,0.9681915739575784,1.4995434085264217
1.3811056577381584,1.90564962160797,1.6821743060997911,1.9359715641828237,2.132255228141557,1.778996153231542,1.9261943304953977,1.3640082690365165,1.4364238275969436,1.8823274382643973,1.5344349543326494,1.304446014062228,0.4889505191956186,1.314730888988223,1.293163165976401,0.9305183424610488,1.4939348562097912
2.0251034769771583,1.3110722934939516,1.6704124424622264,1.88845871476999,2.1661668393058995,1.7770695448181144,1.937151042969833,1.2678644151870562,1.4132409805908157,2.3025633159798886,1.5151227015571218,1.2754214131732653,1.6484038338230085,1.2842642344022857,1.262890909330956,0.8962267655885658,1.55592464056335
1.4868293879787156,1.4946818786385694,1.742801352352977,1.9750096759026672,2.1778808813259145,1.778700989904147,1.8453223318341316,1.4027554311496917,1.429629193507114,1.808438780564714,1.6299118677602045,1.4314715739086,2.5089240455193194,1.434487759650052,1.42083910028784,1.0813255268066913,1.6560380664351089
1.0438068132022518,1.227271003426725,1.797842296780671,1.8045488430749024,2.011546230190702,1.7787258473052028,1.8472943528644727,1.4264709846624148,1.3796167874934928,1.8159751876657635,1.74340740941919,1.6268849957050937,1.593246255261119,1.6111103804917248,1.6170493266503276,1.3129296304709908,1.5881167437999522
1.850388328812069,0.9248975849038116,1.8597783170423672,1.8346303525778624,2.024227649271538,1.7766064644333497,1.8394483918986064,1.5346867685251675,1.438315332273405,2.6589875393599804,1.8412397502148767,1.7871764354593107,1.598379006759565,1.771305277610612,1.780842772352355,1.5023088470008967,1.6909487519423865
1.4020338516146256,1.7199089562853778,1.796950201297714,1.7574264369329975,1.950074765390601,1.7764938937968038,1.840846532258369,1.485349392584711,1.3721681686397276,2.840313079964485,1.7833152240569343,1.7507436813692756,1.0825009330801394,1.7295411203693052,1.7425359321426086,1.4589890823734906,1.6432585448128454
1.7763415365338666,1.7962138656551314,1.8059914058873856,1.9214528537681608,1.988449623976168,1.7771263311379035,1.8414645116811872,1.713640337786528,1.5219475202039645,1.1204582065508897,1.8399636764506715,1.96580254077235,1.8385234508823176,1.9340640328307517,1.9606216426819405,1.7148856638675605,1.8264325996077257
1.4126363063934475,1.9441881261127267,1.8801871514877933,1.961193634356528,2.0349898132933673,1.779111528962073,1.828108134896041,1.83286668195004,1.597852579385664,0.3208213025344797,1.924408492782658,2.1869048979418215,1.4811171242730978,2.14506324206607,2.1847826641426846,1.9773397606469976,1.8780500092460675
1.5588346634336936,1.7850525705227434,1.9250546845123389,2.013087950015831,2.1561081256425574,1.7826577818475458,1.862440985272335,1.865346118482296,1.59728894712938,-0.33117004513525394,1.9636508338045304,2.309746287078356,0.24494517950402764,2.255890639804289,2.307705421049058,2.122908770502945,1.8500479305734618
1.643708610485044,1.6728554180900477,1.6813974677239365,1.9055737298438424,1.9383944644733817,1.786620846292618,1.8851658933534776,1.7490976072018027,1.6698320373698297,0.817470304231005,1.7260794828916166,2.013006456217429,0.8272203913009833,1.9815794437593923,2.0101655388173034,1.7709466789395631,1.7507762711173513
1.666109634112191,1.431459599711122,1.635355779000397,1.971682609089283,1.95036344608307,1.7756690519261664,1.8726104439496267,1.7384210037770376,1.668994873144142,0.31344054424673473,1.6787807567965147,1.9306629656283316,0.8811251922223993,1.899185141006035,1.926541607432127,1.6749342958756814,1.7134597599836083
1.73588660458414,1.7049519248954497,1.5776383496747002,1.881731223698841,1.8111681671207036,1.7652427891587077,1.837923887914964,1.550066341163674,1.5768722509768407,1.4006201218860426,1.6067376816663492,1.742132306752996,1.2447775505317835,1.713283996570532,1.734406229600682,1.453403374321525,1.662414845242126
1.74752335208918,1.6780137817863494,1.600483206514813,1.708581667259547,1.5534135103150837,1.7645934573460724,1.968233172542236,1.5092943446175957,1.5161803265968294,2.832154753210681,1.6084317395554903,1.6572190723208546,1.595867404343536,1.6433300531577744,1.6518788518549563,1.354203336152455,1.637149818430185
1.2334089529806052,1.4833355187552208,1.559418603244553,1.5463758311305478,1.425607342492089,1.7585393500492703,1.7997789076650954,1.4766119310755694,1.4837599752019044,3.0358572826763464,1.572880424990056,1.644042465278631,1.1429746077333285,1.6295063054615584,1.6378896093026265,1.3407861538040735,1.5156610652776752
1.1929614238381865,1.213673937676277,1.4747045715717468,1.724202282095383,1.6780660134868393,1.757484847008463,1.7984207557764122,1.500501334843844,1.5113015997574195,3.1466141047154395,1.5074033329011032,1.6692136859483977,0.35718369830715435,1.6506964830916773,1.6628204174093564,1.3714815282304915,1.4713410607961832
1.5668974851902229,1.550407290876252,1.537211250363235,1.8359575269604151,1.8386043873653992,1.758665999614709,1.8402275747214791,1.6790750202353832,1.6123457077488073,1.9915632710453937,1.586836194745194,1.8576255531467123,0.37190963430187873,1.8294492776559632,1.8555631512346336,1.5939966854580334,1.620984849307888
