-0.8735134430631459,-0.11265372522402056,-2.337544895680266,0.402812832906963,-2.243566095710636,-0.12769956279385936,-1.0770574351118216,1.7784430923559327,1.3172517480245998,-2.962067813148275,-3.373052576250077
-0.017507441551958935,0.2003515389955115,-3.5063505992728006,-0.9423017052541819,-1.5584003066730832,3.8414597237496126,-0.2779933301951588,3.7087222982049575,0.7853265347553501,-0.7964647417342371,-1.6294238280955597
-0.14870807648994672,2.279887645792299,-3.7540623408327454,-0.07714921575908162,-3.3635164053134803,0.3797231668387617,-1.1060450652345764,1.1654711251449856,1.8224956549210876,0.6779901131742323,0.4881245563690506
0.05779464492340042,5.1348494158721785,-2.130410859330938,-0.04813080096804123,-2.874037021081465,-1.519650551236388,-1.9752663579509733,1.2893691798243676,0.5860822739821114,1.5770107015048893,0.5381304686182627
1.4873883945309727,8.30142272364484,1.3377072403839647,-2.8761574507331,-2.945997461849351,0.3500399645285217,0.15151291731607097,5.881695350144266,1.604662402222219,1.0211296795344444,2.04786858011785
2.5668638950293072,7.053250747929312,4.431756647870811,-1.5348307072649203,1.8971629907714407,2.6240647409001108,1.454082207329105,7.177553676415041,4.513118591992369,-0.6613864386934307,-1.2861335069567672
2.144876955249408,6.323935971314477,3.3705648951408405,0.06789296020323432,3.4432016363146043,3.271526723362501,1.7161956544164378,7.35549044169081,1.4500231828247097,-3.1941378927821367,-2.3559240199913996
2.488123612585688,5.82565784032998,5.000382767512016,1.1250125455410531,3.7538700529972973,4.848022565958889,1.976606699776033,4.716166696197762,1.6427817831643694,0.9159427200801247,-4.92320754570065
0.9431691951683423,5.251697287498848,4.038849330967518,-1.5114699548332378,0.9570052288309885,4.02827260188181,2.683035985787066,2.673592928680254,-0.07115238419337011,0.049529024970776936,-8.66766809790723
-0.7683270199495871,6.720221425201109,-0.29129504450527366,-1.6014382478099418,-1.319099456496064,2.467958845621153,-1.7141587830103768,5.213427387018427,-3.038762532604381,-4.2176351431891455,-9.902488649721377
-0.06595214670306038,6.888287265854767,-0.3109575277704294,-0.9428888091163342,4.940920792444396,2.6848114663017206,-1.3031339284094643,5.924688047932609,-4.182081088359431,-4.843109798475202,-9.516057887433234
-0.3211361674776228,3.1957314459503605,-0.13433340342916705,-2.312592155095282,2.8146788568149588,2.725094573523208,0.6221668659714362,-0.42994746104690507,0.2160909822638416,-3.4688395374842296,-6.439411842244449
-1.0379542745689476,3.0468265317163388,-3.102324140446985,-5.437214093032507,4.7991873385429935,-2.9555532012685273,2.680082470911353,3.894476364693565,-1.6404147983877697,-2.936900034194688,-8.727709184223249
-1.8631044714743528,-2.1159338877338407,0.20618947068053206,-6.4984274947530025,1.4525800096061814,-0.632895296487126,2.4022415722205843,1.0864856700392163,-2.698616575236446,-4.3469791730489575,-7.4856890100306686
-3.0340152460164522,-5.001668945294921,-3.3917058117761756,-7.417507853499432,1.249424257288151,-0.464765233290354,-0.9200260097374113,2.4316257223829583,-3.233960908168852,-4.781985417758663,-8.80958226030982
-3.3796592122717177,-5.858824577666903,-4.986506142204999,-6.512986563795544,2.6506299834147455,1.2401815055816185,-5.300263405442335,1.538054525903795,-1.4261828347947811,-7.456844276074313,-7.68385033763846
-2.9603023164924935,-5.78606691323445,-6.236915496466216,-5.811690157657333,0.8802005125880381,3.269342347041208,-4.933574448051685,1.0514126689835872,-0.9673550539721596,-4.541679077238626,-6.5266975469172985
-3.708655189521968,-6.928261812994741,-7.234838906015854,-5.134679668093854,-0.5893317398448148,2.630301845107645,-5.654175597265248,0.5388413138382608,0.9731825813540227,-6.198563358728345,-9.489026552576753
-2.0782184227050133,-3.7887634354041673,-3.08635747515839,-0.5374282698554647,0.8366343445202893,0.8632198678599963,-1.2855078816092997,-2.015525397705061,4.65946658673426,-8.318378080803146,-8.109544485629149
-2.6990275344587986,-4.02781606911299,-5.576449576282632,-3.785314687616375,1.3694052274504473,-1.8512729801106924,-1.5644297516635115,-3.0405750457742835,6.01241513280037,-8.028757730055837,-6.497479864222478
-4.007131905337638,-2.8240981226955064,-7.983946200650784,-4.0314800990466955,-0.07230421856749647,0.04778365378037641,-5.920804481326401,-5.116041471963004,2.555237477875166,-8.04710439791935,-8.678561192862677
-4.696043532391386,-1.6442633907780184,-11.598468816479102,-6.425452008727721,-2.9343073557267316,0.2516048458285809,-5.7631927360209625,-3.1520038680531517,0.6078331821087284,-9.338674030664038,-6.963511145401434
-5.625163578638467,-0.025970023165462486,-17.796139544532522,-9.6937771396802,-3.8931376181684794,-2.393076603607537,-8.572488089112532,-3.5411586598379268,2.932224002208276,-8.437760292807543,-4.830351817680738
-5.5852447211880065,-3.5130789891157583,-15.309896449102432,-8.161311818334388,-3.5143383148707583,-1.7933811715885524,-8.788205900316278,-3.314305903031038,2.7276981068915482,-8.460010406278617,-5.725616366133778
-4.733920802121027,-3.104968837471512,-12.040509386597897,-5.658032670268809,1.5180963971788604,-3.3518008078915704,-9.797087679089262,-6.138593488119766,4.058714982747523,-7.630216236293316,-5.194810295404512
-2.8789673240135514,-2.6858977864215476,-9.9535448900163,-4.701049574017634,2.815881868888268,-0.539193394610872,-10.756536995918264,-3.344499359082887,5.391751153718343,-2.7867796759131087,-2.2298045867615146
-0.6736555943211071,-0.7064763454748019,-5.4872700757250685,-0.9573794735592749,5.098927615194051,1.5731007881506933,-12.511449829836891,0.011608104171904055,8.743755969415492,-1.8948198654031359,-0.6065528301440362
0.0030365694218925654,-0.5289723355164113,-3.4838701153866305,-1.4121559934884593,5.6706215229246535,4.183856824433246,-11.588994055476634,0.30809278218283637,9.174749709256373,-2.7358280414142286,0.44286539670418046
0.09798499825368534,-2.09562039792404,-3.2959235457463705,-4.978574314813457,5.553416460938191,4.526657306106306,-6.444837419002438,0.1122273416800646,10.341462692271234,-2.8196290184355512,0.08067087746291657
-1.4559797539919754,-4.889631736728905,-4.536952601083521,-6.1223812720336666,4.556293299406236,3.6956433980897248,-7.7597072772390385,-2.019855823987973,7.609545047742982,-4.944557854927643,-0.1481927191579483
-0.044304825355405475,-3.0447590589732143,1.0948158824557317,-4.03757287335354,3.565949166571215,6.8218707549188355,-7.916615769739291,-2.8953253597967064,6.843710479029472,-3.7565481985588547,2.8814267238922984
0.33509842341947593,-2.6837011974855223,0.8347066138524156,-1.8323827174648195,4.088758957434647,6.247051196478337,-3.8849139011288485,-2.4520512741491003,6.96529419548366,-6.436417584681955,2.5046399458559474
-0.19574497376851324,-1.7915625580622132,-2.9020772311510434,-5.523111666611454,1.732410604400847,7.100106274054008,-3.0225128079564563,-1.4867722560203736,5.779960674314079,-5.849099740225574,4.005208969573047
1.167358108657837,-1.3968798842810353,-2.9814022286855555,-0.9699386976166636,-0.01912110356979657,7.994489333864052,-0.6726107315318705,-0.4989063265101811,6.044579685140754,-1.8881538552328445,6.061524895001512
2.419807921053752,1.0461733756625646,-3.9929626452991007,1.5845016400161545,0.08153765268366864,9.419543149364777,-1.2222725428663799,1.1618643834571447,5.540649653293681,2.5053178737103616,8.073726670514649
1.1864819768649941,-1.8692632304970003,-2.045040819761724,-1.1624807237242845,-1.9847998864846623,8.56451424951172,-4.205828878501912,2.9147400927112024,6.45678599028963,0.7830083197008318,4.4131846554061385
-0.6051403896185752,-0.6819659739606377,-5.552828921399639,-3.153062754025456,-3.3072448266656735,5.715071126026615,-4.963347329587151,-0.43615722247532884,5.958174316269363,-1.526775376098286,1.896733065730444
0.3809438895690289,-0.20547100741558966,-3.2424479553853356,-3.6431527493152274,-2.8782753515306654,7.917673773104404,-6.0498155408331264,0.4162376458258197,7.50285405073465,0.3081661213521234,3.683669909153235
-0.6612020837509849,-1.9691749875590163,-2.466612851163295,-3.6137997090074228,-3.432930176632186,6.378765918056476,-9.293041735085609,-0.20051231304127803,5.921563855519094,-0.9244100657244567,2.9881312271278464
-0.3776029913403506,-1.337056617384288,-1.6642944584189814,-0.9549246033238588,-0.5884082962593198,7.36414512802501,-9.126055738392198,1.2630125654179618,2.3593305790249515,-1.2224002976514672,0.1306218255586853
0.6855917552708688,-2.5392558567242087,2.528644917271154,0.4910196304167801,2.7372976352667258,9.091054790768045,-8.866124464868573,1.7549657580450786,3.194834915696846,0.08790755630578773,-1.6244273294689475
0.8034709865881493,-3.059216079342961,0.4993283923496621,4.12232318023284,3.9400912341675256,8.497823999528004,-11.894570411739608,1.6133175213524331,0.8921529165968596,5.005837509565948,-1.5823783968292142
-1.1414532445823509,-4.4316639432879885,-3.2518902387076167,1.3217680298546401,3.5359647672623207,6.9195372812757565,-11.458618260924345,-1.9481572366136497,-1.8639407506878318,3.7858484120761546,-4.023380506070947
-2.361216243189198,-4.846977931107551,-3.0831821620818567,1.8108267075280904,1.1215042831400805,3.4167317007837705,-10.493822196252022,-4.923118653975454,-4.922076202499698,3.296304882010648,-4.9883528594379865
-2.365785848249807,-3.967029966046754,-1.9695946908682376,-2.420311793869916,2.5706472415913533,3.1030205519990295,-10.622712208851516,-6.29393404138553,-1.053826774479265,2.7710353215582737,-5.775152122145506
-1.9678075223726812,-6.913273306545448,-1.359702498426027,1.0121089279812647,1.9198957505988208,2.5437972096477175,-7.209531641608065,-5.245921721868196,-1.660441250928076,1.746840372705142,-4.511847065283942
-1.701413187638635,-3.446112270057361,-3.488031699823117,3.3593839132060674,0.9200262691290826,2.599405509343428,-6.885644840264419,-4.414318327686917,-6.294582282445548,4.048766322308168,-3.4130244700957313
-2.336965012427589,-1.0042935117699676,-3.2689686544685728,4.155314084298121,-0.4899340181868881,-0.09422333472828925,-7.886462132905647,-5.009728422309165,-7.379614551847801,3.265224547283923,-5.656964129641602
-3.157970022782016,-2.128735309285256,-2.930986571105047,-0.031856500466359794,-1.4403685219696045,-2.436081097185977,-8.873688529339113,-4.6053969492552405,-8.799958018388013,3.612144509913065,-3.9447732407386105
-1.8273057793748246,0.3785598862043882,-4.031532742110515,2.0194488586474213,0.2932454079186382,-2.2703911771970633,-8.906265375635794,0.33481133462862767,-6.4921475487804665,4.855371286059848,-4.45415772348333
-3.8512199211347546,-2.702429102105011,-4.218221299749443,-2.3890060571404295,-2.870651578756524,-4.2772781179500985,-10.685139342878376,-1.549566976118514,-8.202090022173568,2.97776051852869,-4.595577233004273
-4.155156501776993,-0.43029302102720646,-1.529125160047022,-2.1346119329172573,-4.251905589542854,-4.971505632837277,-11.561936892937396,-0.20448186293240145,-11.011295316864587,2.1081543494791797,-7.564563958143107
-4.96760325658357,0.7275711587610383,-0.8971579876323115,-5.155379981150849,-4.262441282483721,-7.673730025432069,-9.79460881005403,-2.8912106877065877,-10.140310926278405,1.8703820942154241,-11.45914611807419
-5.459335191043914,2.7616028965943693,-4.6619030108090005,-5.680918165816316,-3.6279998541601164,-6.823279152187716,-9.007423541993365,-2.2809597182917285,-12.491782023969158,-3.190895027576019,-9.589794312230092
-5.696526572977222,1.0643951847983528,-2.394301434342985,-5.4441863686502145,-0.2076395162932485,-7.883541824170644,-9.764995241615889,-4.922327894702083,-14.816639513945994,-4.762709282569139,-7.833319838280373
-4.849628287110846,-0.21999943123078447,-4.840434388440986,-3.946067025530413,0.8037096465434512,-6.093710758202013,-8.435572119130937,0.16082102831656186,-11.661955702813243,-6.590285628592598,-7.672788492027497
-5.674184639967791,1.1602963673159454,-2.7343296058184374,-3.4503585721514423,-5.059277078707928,-9.87878610636945,-10.50914342147782,-1.5072819031464655,-10.48847262031448,-6.65805530946675,-7.616438149541081
-3.3723109288357986,-3.201561166320188,4.529269410954349,-0.29340993812151783,-3.782785629171305,-4.87347653588771,-6.900558035815141,-1.251911834165937,-8.137325086778736,-5.1220564956055235,-4.689293977446271
-3.3403119914646555,-1.5177166568694875,3.858040061042038,-0.4801753516643643,-3.9256714006586106,-2.619345429609678,-8.005567931111468,-2.626772654367053,-7.471700725126235,-6.410061034402485,-4.204148791879208
-3.4801093823934295,-3.835080104974732,0.7269245839284448,1.4066200220818688,-2.307770219402056,-2.834666760689227,-8.002138138358987,-3.53490263518156,-3.6486064559803886,-8.160885887784685,-4.610588227572974
-3.0331115274017275,-4.406254086866722,-1.1717561616235512,3.4084901520848807,-4.060420476275661,-0.7058099070138463,-3.662054937909531,0.7593077551580181,-5.046447291019172,-10.67315462268821,-4.773015697863477
-4.267661227565471,-4.608471773322766,-4.947273289522105,0.8672847732416726,-5.515719879979672,-0.9770160602451399,-3.0556913496154285,-2.145727830103837,-6.241157945826262,-12.130616957578772,-3.922221962702388
-3.5040818209170577,-3.328382492292472,-3.1623791836165758,2.422628162293278,-2.564816966492498,1.982013259036453,-4.1441496426999525,-3.360003877385677,-4.438676419100195,-11.976933766327445,-6.470117282585493
-2.86773942978962,-1.8175214681209098,-3.572629693309644,-2.096741695639604,-1.846245441010672,1.834556752341125,-3.9925620008093263,-1.4275050011052304,-3.919557699446657,-6.480132400204571,-5.359055650590713
-1.4668844403905816,0.1776402918948694,-0.6184634320786464,0.8036171925465005,-1.5971439479753924,3.4470658017134523,-3.869098826074942,-3.146904561863874,-3.952020248105825,-5.769323907745326,-0.14421276621663326
-1.6514154094732465,-0.9867159665769525,-0.49253298534342993,0.9295404154772369,-1.1709471072786712,2.2657722055225373,-6.0402154264350365,-2.774987221348743,-2.007160182005871,-4.460360239383334,-1.776547587360199
-1.7633256101930912,1.7287883501506118,-0.7310061322710273,0.17726477559308806,-4.091031615668502,1.7421165118569126,-7.021066907794864,-5.5918125114936945,-1.955845306696815,-2.4116006509444983,0.520937385337878
-1.1072261528727805,2.0402628931710884,0.35639670562953996,-2.7663176192497176,-7.004704406962081,2.877931986839681,-4.7859664024669915,-1.8788897386390238,-3.3748592421813424,-1.1285573546396837,4.59244164977073
-0.23630151972010205,4.857509803941569,-0.03820437262264098,-3.2593800138469007,-5.503893869507871,3.865584088734063,-6.620204108300412,1.2942287054257502,-3.2309478219883454,0.8689207797223627,5.403371611241404
-0.6742884644199018,3.702130573555064,-0.632399821748117,-3.135348573075414,-4.169881155498822,2.225344651370849,-9.55185932521933,2.2308497092126167,-1.6568695306887287,-2.320618561021066,6.56576738891393
1.2245141961231383,3.7870550940638035,2.4701946915575705,-2.365244278120482,-1.9246626372129767,1.202136837174165,-4.988608123521376,5.141998107297665,-1.2135674746900238,3.4026966010683726,6.7331431436146625
0.28295915079128314,5.551788901323367,0.23931824692350634,-1.3549490181250023,-0.6650816654941939,-0.22971408292480167,-4.979902509239634,2.4110028217428194,-0.43160303510031506,1.024915958858756,1.263815889948328
0.16754030304096715,5.642189324558343,0.5130643857790465,-1.445938294628325,-0.6246391315985426,-1.2579370935131853,-4.125479288247432,0.8245473076893546,1.3785200819367898,0.061423361561162515,0.7096523768724594
2.511428086881454,5.440292720502582,4.183814890738128,3.90240632410893,2.5191774796355104,1.2685887972442813,-2.30695446207264,3.7324367989353573,2.5525727490987578,3.305320470287084,0.5166251003365467
3.164328940522283,4.61675550386327,6.780569402877702,5.820171685795645,1.4483517929960898,1.8536943819015665,-1.096577828818599,5.449579889245412,-1.6033401818208064,5.9099112959151014,2.4641734632674472
3.7771511315181434,3.0748126001030416,7.961144056441612,6.7830621003202705,0.05016835114027174,0.766736362172465,1.0217315453478297,7.34511472857718,-1.265036186487596,8.967674838834947,3.0661029187314135
4.604427407136735,3.1733404533297604,6.732739253707408,8.443858557108644,0.783129352206348,1.2977934687173016,4.085676644065213,10.244361607286555,0.42019203840008523,8.664259271196944,2.1989234253490935
4.500574731232324,4.93254468194049,4.448143993523388,5.229595792421447,0.5451482356958777,-0.007660825899782814,4.892257784674417,11.918692247944193,0.3320446072688673,10.295543798092636,2.4194369966617066
3.6113963803623363,7.806901377760471,4.826659929031381,4.709522607316654,-1.3756146095063178,-0.9866655284782375,2.5722921445354547,11.021983385434721,0.8898776435022008,7.735529652645869,-1.0865227986188317
3.6216865007658328,10.433010834187911,3.4339956057639305,3.3963920343020138,-2.8498507560125477,-3.232490665103698,0.22471873022625627,11.628546278454671,-0.4916068310756378,9.860643072458721,3.8135067044567017
2.4824156820222565,8.967259788464895,-0.607852047292327,-0.28098328112393856,-2.0484962103461886,1.2482661824080303,0.9731261499916062,6.836899752620296,1.323971003684094,7.809459559974125,0.6025059218419659
3.490288691005291,12.885351220399388,2.1873072116060723,0.8253776375945608,-3.6967443771751336,3.697240545142074,3.1428526433648107,10.632504356173621,0.5081571941939169,3.170451692215777,1.5503887865378245
3.1471100384496182,9.795947456978794,1.7968215444743851,-0.19345988702462324,-3.000452559471068,2.6246362246260024,4.924631355104616,8.171064147105549,4.499984153046871,2.7951464097867693,0.0567815398688888
1.7758426442732813,8.932124406396913,3.721211856691546,-3.6730398346537183,-1.9890404001094666,1.205775702451073,3.384936504222671,4.838399429403291,1.7091805030312357,3.1773968925311347,-3.5485186172318657
0.23387301059176835,8.110665757870384,4.8715961148306945,-5.0516155167756915,-5.727314693821283,-1.0063124151747962,3.586232423109439,3.566443622820307,-2.802253117850663,0.9729782250879824,-4.181690294178693
2.048028198520991,9.109680968889498,8.451617836562836,-2.515772292132474,-2.221348545823668,0.18717778530746498,5.02968005257687,5.800806400621061,-5.434762048651303,1.4274058276500106,0.6457960002096099
2.067662311665192,9.974413297575092,10.558836262418797,-4.341577388968224,-2.1176948406818803,3.268313087075506,-0.26700999041535667,2.6161322192924823,-6.977509970754846,4.864921027111269,3.0977994139990823
2.3315819190820384,7.258811266669534,10.254820128241628,-2.3948052325613043,-1.1725085945812355,1.001727885624949,-0.3807187978162909,1.1632887714322269,-1.2424953196902317,3.51996127358595,5.30773780991516
2.1410972463992453,4.761451625819641,9.26708202251531,-3.1042066802781956,-1.1612708906212648,2.145496905333686,0.10038778299788653,1.524508337788653,-2.5839384900590767,3.681565339703665,6.77989651079215
2.3499174492562442,7.265929843629385,10.162592532484787,-1.8171818207753025,-2.0206993018156396,2.543342663115301,0.1824297354320421,-0.02831066374001656,-1.9477673200230357,3.54556412179738,5.613274702457541
1.5453074887523361,2.9487060329104917,9.457398400364484,-1.2916889575226373,-1.6046667688243144,0.5980949870874701,-0.162992601999296,-0.5158256204413116,-2.4270513854486717,5.29558002877889,3.155520772618255
2.0863552876536806,3.9702084521811765,9.926434764039335,0.20967996820044352,-2.1154035855741946,3.735958898345136,1.8100173883646278,-1.0224806334431185,-4.584749336015849,5.61350027017419,3.3203866902650603
3.083642572743293,4.284265187243586,7.367561712733571,3.216659619702634,1.6345940522231408,1.3330624344409172,-1.207657768062987,1.4135245735021718,-3.7085795980595506,8.012494930208476,8.490500583500966
5.493641975262888,7.351125533298756,9.959587898610469,6.001333753946036,3.6546161832632036,4.274393544580856,1.639119274018647,7.517192204438258,-2.439354949019518,7.022424621907824,9.955981687584348
4.591084952574861,8.033115481493752,8.188315929004657,6.141374715844447,6.5284223237141035,2.6676800072942504,0.2865954739394505,5.984287640423803,-4.117815241603573,5.100351711229199,7.098521484408524
3.7677885181164377,6.076054628343771,10.540902268951484,7.375589488235647,3.8743038214378283,1.4646229704060183,-1.8038799936137586,6.121427709065861,-5.357005269310294,3.760516594992424,5.625352962655392
3.0836322311596094,5.001468076493433,9.441404404099261,5.455339667052053,3.8876817285453056,0.4539101371244414,-1.873951923395897,3.7335395234782753,-3.066236309986326,3.2718419420316667,4.531325066153875
2.230550666486865,0.8577539139308015,7.197439528883327,3.271906244229685,4.195216940369274,0.6852778193346918,-1.1608619150485726,2.65538302312439,-1.24528687979074,3.9363662073914494,1.9123117824443407
1.7285392639234223,4.406903550792079,7.943833209245606,2.6647477224243303,6.68677793816194,-2.3783167165791195,-0.20109552983587076,1.8588487090643906,-4.141748107356807,4.509686927289187,-4.064245063971516
2.4419625548456967,5.30665207830005,8.399924517337384,2.6727370383850335,8.14174586625562,-1.1699052753113353,-2.061903154790321,2.075522579178412,-0.5856838962320119,4.355061846578197,-2.7145260512440608
3.175738662970762,4.832852586542303,8.342735312789886,2.5797696466791824,5.8052943308407965,1.9508529635113108,0.25513576437116203,3.881229183366405,1.040979667188559,3.7586000915200284,-0.6900629171020152
2.338195550766299,5.447033423644995,6.527714785521537,0.9665200911800977,1.3916815029850174,0.251169373613108,0.7303655316498743,2.7848120548060065,0.23765951239630045,5.507246714652925,-0.462247482786871
1.979637660834725,5.3728004241367575,5.5914422674763715,-0.5835761444722224,-3.060532767056868,1.0713611109317616,-0.7110971754166103,2.4320645331621322,1.4826873521902986,5.119783767518583,3.0814432398770464
1.9195370364505382,5.372122105086534,2.2093072767335755,3.4830852746487304,-0.6713512262026735,-0.5934779291429246,-1.4145860507209205,2.7003657360395352,-1.8173834552814483,6.469998776360132,3.457289856984839
0.933432077841487,5.750277485542916,3.637409600145237,2.3749476253308526,-1.4025649098552644,-2.8926138607377,-3.584000830432245,3.824362329826458,-5.889312258127835,5.350991355894854,2.1648242408275973
1.0483896501987222,8.464069574693049,5.37046451645308,2.4867397824115574,-4.741464712043321,-3.1009715113846474,-2.034125478101534,3.9687705315918396,-7.344246277188393,5.730182122605906,1.6844779529496843
3.4051301716525044,10.610411013315534,8.321628111531552,3.2259659106133567,-3.624291245802307,0.8110371096076447,2.4771198987940286,5.892400843584598,-3.53247414665889,6.246297082190165,3.623207139349362
7.190856238451483,14.959169534504142,12.840409462603109,7.597535090975609,1.832241257460204,2.7739768293747495,6.698461816319695,10.842373498230518,-3.058742239229291,12.18960807425009,5.233529060025992
5.8811818531020545,10.33010279777319,11.236885892103423,5.916143430289971,3.123430213999333,2.940134655649145,6.179979484446568,8.247279418278719,-0.42500077882574594,8.923223434978324,2.3396399823276184
6.295850870637695,12.334378558902113,6.839299841191652,6.771452905038245,8.324751981207466,3.3941440606214,4.89461328226996,6.063877178526986,1.5022021111919044,10.813790917122908,2.0199978703043113
4.589533561557256,9.667201671123632,6.482657979813335,6.026252353488271,5.587856348822747,-1.6307581782110354,4.161745547594529,5.620382729732341,0.7852117805831134,7.668162222218302,1.526623160407323
5.8531656741756315,9.458446460616571,8.030698172433901,6.943417882408626,6.8743136940607155,2.3617780097632552,6.1614966527047645,5.215734075328976,3.504993098766641,9.204780287749122,0.7759984079237454
3.8998801431798027,5.160024852344764,7.776517031283699,7.086131347072495,3.686814476987392,0.2906209022319002,6.573592271199164,2.742959592155207,-0.566533543812552,4.776035633647558,1.4726388686883962
2.5134076368980454,4.605603262577342,8.533265748159069,4.703440629066996,3.493858484671181,-4.509778113957025,2.5421580631298673,3.4253574525941994,-1.5660628570760429,4.02054112035024,-0.11430742053537157
2.2044175731528783,5.648294370063182,8.545714019980773,4.475378625875761,-0.020714355859584144,-3.5157313911168986,1.805755230571586,4.771891891600813,-2.141911312210243,3.500302833233536,-1.0248041806101407
1.265827600805024,8.193471160200481,8.282119316138738,0.32403573656922546,-0.5926940478912379,-7.2740241977404505,-1.2784198172468244,3.8852471261023886,-1.3621649222241152,3.432334313044586,-0.9516286589025529
1.346178242292989,9.232334052772174,9.864377770395468,-1.6070454476356641,1.1393993981926172,-7.910384897155391,-2.6477679723176855,5.045090033037852,-0.6485114501392367,3.507100159012,-2.512809223232241
0.2207909341663702,9.862475108703425,8.223986326544164,-3.1305095379204113,-2.7759890441591257,-6.939383663824044,-0.49927324950119556,2.1086799755209054,-1.3774081485121803,1.8963140915689751,-5.160982516756812
-0.246439296946958,8.412587785759623,11.21742037705068,-5.1676514163217435,-3.3471091839134943,-7.989236640297451,-1.29808019964858,2.7515400311783393,-0.6116059905705215,-0.9099040705790857,-5.522353662127345
0.47416996759108065,13.87458440207402,14.829389300924703,-7.063599616137838,-5.43849299823998,-9.509469591041434,1.6137808608204183,3.6033596606095877,-2.597271840810308,-2.9394887052862626,-1.6310917970021013
0.5112221121500085,12.302979858005573,10.15777286522235,-7.064536360394404,-4.807495715388715,-8.683772449804747,4.71567076815928,1.8098924103904703,-4.4893966830612495,0.3686456906148947,0.802460737756632
0.11390543925296215,10.903808996321803,8.264318864405041,-6.303864881647875,-5.942849273627572,-9.577159841305116,8.112432235490221,-0.38266036238481393,-3.62063438775394,0.6422152234871941,-0.9565521804553225
1.2176764142520002,13.368161887859847,9.570870643467053,-3.741347258560195,-3.863213794755982,-9.100777526724722,7.222400293281692,-0.4141211815989513,0.5681623128432778,-1.580795230674543,0.14742399738252251
1.1567642102052607,10.688207987145297,10.548438031512934,-3.065175545781677,-1.1141942409476906,-8.578754761089805,7.976618139610141,-1.8661910400067052,-0.2223828153652042,-4.48970537376402,1.690781720739337
2.5789982350410026,8.450442895906548,10.278040911965515,-1.083694047250011,1.764706126519271,-7.841159347492177,8.27107176543338,0.16683230325301857,2.9260960913749754,0.5369141425280444,2.3207315081714612
3.139437947488813,10.405549972907712,6.6670389738065134,2.4372600239239848,2.430585459243548,-6.27194159879565,8.303942114569486,-0.6456133436614977,1.3748065508097111,3.937339638984243,2.75541168310008
3.8513712590637734,11.43298515533832,7.707915152462846,1.8460357429041347,3.9060846023330686,-2.453325642910089,4.680708458223827,1.5187246323863564,2.191041610798224,4.24105233087685,3.442490548224197
3.4254408352577443,8.918218610408124,7.741965771984518,1.9576718530042605,4.602666340692366,-0.3495098510428323,4.072084985382025,-0.8507691805067039,1.4005277035817714,1.3077383605846435,5.453813758489272
1.6997267335358224,6.404900105365412,5.871425987636421,1.887960108832024,2.7043468393043435,-0.8910472883110545,1.2336367768617285,-3.301327682166968,-0.3441174689940041,-0.23927457237854943,3.6707645292088698
1.4316746255946713,7.386656237699296,4.250313460037055,3.0164952496700277,5.384593579584637,0.839328376162721,-1.6330986128173721,-4.226523330903086,-2.319167302987503,-2.069788858585656,3.6879374580865925
1.4982085921231068,6.618587032267326,5.2913789680134995,1.2194934528645278,5.832762433871665,-1.3755789163669814,1.78408006182806,-4.516239226974109,-3.4946147360609756,-2.4667500551235606,6.088966906911619
2.049087541144092,2.4293301972904557,5.223242269595368,5.106795157411646,4.027950403404649,-2.535474430615037,0.9209622666882546,-1.352714749934877,-1.718568524029846,0.06770711736636281,8.321645704263942
1.2819303763703234,-0.1397165134740841,5.8748564328977455,3.6703608541965895,3.7969408591476927,-1.6223604211994327,-2.2862375171502536,-0.1467607683533223,-3.539285145213132,-1.01954779146689,8.231053774318319
-1.6881979524345554,-3.0352489869410553,5.188405589839687,-1.6534762033420392,2.539467837406396,-1.9857853624629724,-5.635190183307058,-2.8174182064411086,-8.445388783024626,-6.259920441013468,5.222575214940691
-1.2619239055288856,-0.6659649087374595,1.5253927847079118,-0.8145256721711807,2.420252927622241,-3.6100876247618725,-3.9293902751174503,-0.5447653662963634,-9.568643150681117,-1.6093408540797294,4.177833084226167
-1.6186774285899703,-1.2830600850965568,1.4586200436933312,-3.1647333243566873,-0.02740733341796875,-6.447751061630718,-3.665226709352427,-0.2046012500674903,-6.231369306316899,-3.6726727284735814,7.051427469119292
-1.2513422413773116,-0.015604482275722198,5.643829751213636,-3.3336899060964815,-1.79933998702377,-6.49734711628581,-4.649631881481196,2.6811967063687723,-3.6717381534739255,-6.09664983707176,5.22555249235314
0.16772456772826722,-0.7685984259140093,5.251171235387837,-2.875834542735114,1.236262112826592,-2.3023279991186474,-0.3721369855925505,3.8010789122916036,-4.357664895937629,-7.03678231932856,9.102078585403149
-0.7198130407391135,-1.5021011531981818,2.118726128350803,-3.270459805037308,-0.6252845785632918,-1.8785046951752897,-1.142566638839706,3.1676327172570438,-5.3076343033633595,-9.041720430338566,10.283782351516724
0.7914820565052918,1.6256287244630276,1.256019956735832,2.461197881598165,-1.6978742270057134,-3.167045069103631,2.2466404403452866,4.990592169528198,-4.0434234779670915,-6.090409432778381,10.333493599237226
-0.5255541284161539,-0.8853786219508674,-2.8645105633394548,3.002039926607885,-4.289626111231973,-1.7185159333501607,0.2471005006114933,3.545003052319127,-4.978107125651181,-4.062754538376951,6.749208130200544
-0.8379565839178669,-0.2948283131843549,-3.0327631330016724,2.170486031396163,-8.774159921271522,-1.0263313990138188,0.03655325119958286,2.9824745906685726,-3.514067354231639,-3.9658638146222747,7.038934222882292
-1.1341420116773318,-3.700490829237938,-2.036062324470659,7.129930555329978,-6.571498855204541,-3.924952065666796,-0.6264293015400606,0.8329092727315323,-1.1501296451469245,-4.152153001985356,2.857456078417449
0.965632317288132,-3.8776353726493094,-0.7597684142311818,10.552609115379925,-2.198866848508714,-2.310758797746364,3.487211751496746,5.918199119170689,-1.276183586087995,-4.454076221540316,4.575592427597842
0.7091430961121603,-1.8973842296215973,-1.7259647302726138,10.761628839779435,-2.90995005359674,-2.3334479143489264,2.222947514322503,3.96221007056749,-1.550744158092342,-6.5696428381309655,7.131778460515361
1.3195552017202155,-4.464883191519833,0.17171517077783682,10.698408373437207,-2.9502532941526693,-0.10675742133700772,1.782762096367731,4.825057720549842,2.3130648804340597,-4.895660316548432,5.822097999193419
4.273872225592527,-1.6220153093253575,2.1329065198452355,9.669556982768569,1.7221176935991513,1.5961225555824368,7.306316897687767,6.963338311467732,5.155890973091822,1.008808933691264,8.805678697516644
3.790907004627094,-0.12624343670383853,6.203572029326001,6.714690468056878,0.19333425478087074,0.775520252547548,9.041837722063802,6.291392754036281,1.0688606384375046,0.5152636657618235,7.230841697964074
3.472651344579234,0.2224336719382105,4.960877145736671,6.592544762526258,0.725727405209776,0.42063553610736193,6.962915151722257,6.652006866785609,4.017137697838281,-2.414275349451946,6.58651055737986
2.555979897759782,0.823283516237356,4.3033977231174445,4.662466833501161,2.338023126745152,0.31269736593002007,5.981721885804449,2.389689032712716,3.1849043288010126,-1.0143260266923546,2.5779411914408596
0.8434187304308836,-1.0654759061438144,4.313178627637467,2.805668184402759,2.2243738812863616,-4.146557485349999,0.3967380004563599,3.863128632584914,4.753419175463872,-7.10975720606304,2.399471400033956
1.3736065641482555,0.5797042551786094,2.976899998392895,4.572266131447721,-0.6514731149545869,-3.208211254296321,1.5059244619791499,3.8273107143122216,6.6695177939953645,-7.5903990519155675,5.05452570734307
2.205679636069232,2.880638375298422,5.330478505890225,3.258670921007826,1.0247177381470747,-1.6142109542776661,1.0298870522244858,7.958293079354492,6.818319912772565,-7.69867906280386,3.0686807930787516
0.7499587795580057,2.09019663697404,3.1793959722986798,0.9951510834168231,-1.4725610040264239,-3.6215094409850486,2.1574611460058133,2.3246935832000912,6.783686500450582,-7.289593963178412,2.352667281423912
2.5381844682420827,3.565141723511714,5.0645556246863315,1.6988184063742475,1.067814843955732,-0.41981420615571996,0.3096246173610384,4.726133609825754,6.476830076995612,-3.4710904947154866,6.363830480581601
-1.8191693146718335,-1.5246966669350424,-0.09827354500368557,0.010605439330985789,-1.6621358044145946,-6.056878623261821,-3.4705046113495186,-4.009257660386379,1.4486939515174004,-4.986722666120855,2.1574770399051753
-3.050963289876906,-4.906947226869567,-3.2702704601501846,-1.1839836967065709,-1.6650470216758735,-4.024241476149766,-5.286543079574412,-4.973706568786956,-1.2798952125335545,-5.085025890500653,1.1660277341784795
-1.7377431804628212,-2.405361978689106,-0.4319497017275109,-0.6482716563090345,3.107525794122177,-3.116144761466078,-5.6634209789226695,-3.6077560327578877,-2.5093025571939354,-4.421504679446713,2.318754747762546
-3.0145439670650456,-4.379573916787544,-3.3485721589282886,-0.9853409185310533,1.6973593434949046,-3.757642761340586,-5.71580381955035,-5.211847828486051,-0.7550712631135161,-7.871090775195729,0.1821444277877613
-3.413182064380966,-6.597544919931094,-3.2597998619291992,-3.0813730552136605,1.5344712028070204,-3.3909269885266213,-4.120655057043381,-4.034870537750717,-2.7533873358979264,-7.6658154729827075,-0.7619186173413734
-3.199588293076956,-9.255702923855374,-4.296263057656024,-3.7986634947736277,1.9780906850663091,-1.7247734749339998,-2.628283826090711,-7.208047689095198,1.0154289156541563,-5.118833557708949,-0.9588345073761408
-3.6292138724478336,-10.377172294202339,-4.867123748248048,-4.462567679289508,4.381251042700442,-2.123455814823509,-3.7956336877062196,-6.05431580795691,-0.05574062849737871,-4.949966514439499,-3.987413592015365
-5.838887413791548,-10.580190701806087,-5.042490121851907,-6.237747905961625,-0.33482217732383557,-5.066348776427979,-5.068990441385965,-7.900956600252064,-4.67100440175469,-3.896745761160196,-9.589577249991127
-6.094969173651973,-7.153591369516374,-7.738862606246506,-10.885527274315674,-1.6089431888163934,-7.846903408475254,-3.6260843735630828,-5.729329328348064,-3.6534920428097784,-5.838326942281995,-6.8686312021466
-4.9109842922687275,-5.2020517672495705,-7.882752589765937,-11.44343265790203,-3.313770642388773,-4.5499448987397635,1.3074138328992624,-4.742272209268769,-3.2820497649732197,-5.910340012575423,-4.0906422127230435
-3.481809948636349,-2.0629415697308353,-5.494723512194239,-10.774133708737814,-4.878095009165655,-4.058778302355279,3.026967089135801,-6.518438203867594,-0.5886311033937959,-3.549496332439594,0.08017116638551314
-2.5040961397920474,-0.4415053291403983,-6.043072489420458,-9.98007755222781,-6.00566791876122,-3.9160878010122033,6.047335378597555,-4.559456203295051,1.7883499243977328,-1.8268257920380668,-0.10395361502055067
-3.019111739250417,-1.460514279422836,-5.977751219006043,-8.738044021028346,-5.244620450195897,-2.495393260170352,4.031063148707363,-5.994959926198669,-3.327864585318439,-4.618024930909914,3.6349921310389632
-2.4142270536079122,0.433449216713168,-5.623868992739432,-4.9710535143722145,-5.7487586029507876,-6.24750407466846,1.9110577488316403,-2.512286521882948,-1.4764894967118147,-3.4684377826927624,3.561621484394489
-1.5741263942493278,0.31623703780736456,-1.5391870293920225,-1.3091892454050515,-8.236667480370913,-4.368992523731704,1.5752102820950111,-0.8785499965316803,-2.2270504462668734,-2.9045869470475676,3.8315124063501607
-2.018183816084043,-2.9085037614283764,-0.9219106240451431,1.336165577181345,-5.229442632463458,-6.37932309571954,3.26390218405038,1.4557153675018768,-4.6087675573462725,-6.173766865528487,-0.015906753042755906
-1.289904709310242,-1.1505516325440124,-2.4514305504001346,3.7380522584543625,-5.471375895817847,-6.70069634046276,5.7979053360080846,-1.3441434061705175,-3.9110913408596097,-2.1080543856859597,0.7023388643759756
-1.3041108955127638,1.8390623825014134,-3.439078575466731,3.415222212518296,-6.187386946355291,-9.36099382751535,5.95830259415804,-2.680605060451976,-1.934755256251505,-1.2341683005272328,0.5832918222626978
1.1927024577870644,4.660220043131157,-1.3216641952518158,5.650550076278625,-2.6554557113781936,-4.972184235673586,7.774900939365041,-3.0990004063191057,1.148791699714446,0.6022572467015155,4.138609121302558
2.481867075939844,3.4711494850140534,-3.705352223708627,7.0891855775912065,-2.377828757781252,-0.14609692456254075,6.909626529134892,0.5526534528326406,3.1112775056941397,1.8722609037505031,8.041795211433424
2.947307107654114,0.1340255525548919,-2.8518496690217185,3.7273253242006246,-0.6747211704023286,3.564746828060485,8.141770671163197,3.9164685142755045,2.804319046816014,5.130211167597356,5.580774811297115
0.5800165888182394,-0.9162727882069988,-3.5417247417120716,-1.3171456307252785,-4.2724235025888,1.2849634713106202,7.009054234417253,0.5331348150416759,0.6851453736597767,1.4129389983349474,4.922495658651268
0.7726947881432181,0.6112086999689843,-3.4654799972306796,-0.8682068822823368,-5.502906558464051,3.454001209336376,4.8106886764941015,-0.28971208663085823,2.3752092482914033,2.043195411432531,4.558950160516711
0.6580233026910585,0.8826540995131976,-2.7801911686822702,-2.602467093628549,-5.4147582380468124,4.276312578945547,2.5812195826868773,0.979105013881868,4.110087050646685,2.2454157144575144,2.3028554871365263
-0.08971561758056412,-0.10720439422107209,-1.129799863847757,-2.15269641097335,-4.751307916462745,4.668542969946835,2.4872899539950013,-2.709276301363853,0.29140724450010735,2.640294719557162,-0.1344061769359689
-0.6049321008566046,-1.9417773659407231,-2.56301417079516,-1.8663940490871456,-4.6640436725793615,6.881730321806384,3.0687363876832765,-2.9606583595302416,-1.7902579949819923,3.0934970385570617,-3.307139143698145
0.046521828387780684,-3.6520367976314647,-1.6372693273729366,-0.9064107007713701,-1.5382143581487213,8.568365769529702,2.1567132793662935,-0.4799041152167357,-1.2714054529359986,1.0430821933395702,-1.817702206280532
-1.3154108920508822,-5.8523935829447025,-2.975204897528002,-0.7937944572740432,-2.6147653933273665,7.274240692084153,-1.7763502864926286,-1.7673526929504193,0.2613794753117795,-2.4297023126920783,-2.4801654646955145
-1.0214043552304082,-6.924834140609775,-2.037686586852332,1.6578645261837688,-4.833317987186443,8.256885227284537,-1.3078728581212111,-0.28345603288916466,-1.4692519671740536,-2.4871599076905815,-0.7852138252488248
-0.8549334508369872,-3.3554754210110738,-2.5850034517096816,1.2254374734886126,-6.648122984291994,7.890943798753063,-3.9258615093194216,-0.7950316420059025,-1.047360669250648,0.006653329853525736,0.6844865671236486
-1.202074014249218,-2.893766503948518,-2.353152809426961,-0.9589619713710136,-5.19416968817743,8.677669462693537,-2.2581198388327413,-5.105947508543457,-4.206744186134513,0.12819977253164794,2.144253128717272
-0.08748567848917699,-3.738864808170718,-0.8414873411459393,-1.831670568506302,-4.416692475297409,8.191921148469476,0.13202796372015535,-1.9012532433052787,-1.064941507653769,-1.2575119055346078,5.853615952532623
-1.0317751111410525,-3.187128734982475,0.4600871164087388,-1.9165135007347136,-4.108081850514038,4.346345758488461,-1.1471669266937758,-2.754732147555838,-2.0631181766940716,-1.456492383508639,1.509049734375827
1.0383117582975423,0.9696286781223199,5.911657157580668,-1.1433709918597734,-1.1923513573251983,2.1902419297896056,0.7034173070025769,-1.5556984077404032,-1.2400815356046997,1.0365624293180575,4.703112373692269
1.1713220003411773,2.395392600964101,7.287024378699297,0.21017484287074462,-1.4920794287749475,4.638275019036382,-4.347207842346837,-0.6651196678808117,-0.6363497947727582,-1.895794189317153,6.218904084933751
0.3204258386062425,3.506765117222442,4.813551726800527,0.5803481680129006,-4.345524652152807,4.020332220080856,-5.56855550519551,-0.4975672819927415,-1.883089450740704,-2.3517848177139946,4.929782861741456
0.027747092880438973,2.5480712725873924,2.2154338932879543,-0.354502397276209,-2.544524313072983,6.927107581044094,-4.675679510130903,-1.5418867313943725,-4.633814683985604,-2.5802453681199005,4.917511185864922
0.551292131128015,1.0165963086006076,2.13327022476877,2.737414577795799,-2.1034833445517824,7.477132599364717,-5.142799009028177,0.9358068800418171,-2.3135283084734226,-4.896009513585726,5.668520896347546
2.3142320359977284,2.33990086147805,3.6640648263830196,3.734890958461043,2.1164741784196295,3.603853381075405,-2.7681570817214274,3.723692438871071,1.5725857261261984,-0.7381438609130113,5.893158931797304
2.5863270801124987,1.074991304538671,3.8450611015938607,3.2812203307955015,1.5416192901630057,5.6114449595046185,-1.5128316597905016,3.630318550610851,1.717256799625075,1.2623060269419166,5.411884097141988
4.410709065217777,2.330230657736423,4.730101988668675,3.6784520604826296,6.009062973359081,5.375848119683284,-1.5085147029678785,6.9103844216470165,4.92375641980854,2.7098823917205794,8.947886322039414
2.664473530499441,-1.0221354916009828,4.239028173490734,3.632946988775757,2.732859397215284,3.7556980606128887,0.6768161043287677,5.022145656050929,-0.4932327940777175,0.8141722092716055,7.286437000927142
0.930464028816935,0.8534699012699699,-0.9671542519353137,-0.041960326784923674,-0.367756693106838,1.076275373240486,2.2681844360379055,0.5660510586004911,-1.6547594961523977,-0.09404778812584003,7.666338075125811
1.726060491315311,2.891650153794146,-0.6435681442398815,-0.850970467164049,3.552879182269731,2.300446692662557,2.1988076290005982,1.6443545791413947,-0.7365094304176223,-0.055789328271553806,6.959304046377788
2.0473801516518866,4.150169369979096,-1.781143132516594,1.4541737896485543,5.690127754023952,4.214137706376209,-1.6950302070781917,-0.015547952531307807,-0.9412921982237232,0.3858725873982981,9.012333799442573
